student_id,visual_score,auditory_score,kinesthetic_score,options_selection,preferred_content_type,avg_response_time,total_quest_time,n_response_changes,n_clicks,navigation_sequence,engagement_level,completion_level,content_repetition,response_consistency,age,academic_grade,number_of_sessions,session_duration,usage_frequency,target_vak_label
1001,2,11,2,C,video,27.98,255.72,2,57,linear,0.914,0.801,4,0.648,16,3ro Primaria,8,28.07,1.01,Auditivo
1002,7,14,7,D,audio,31.88,432.2,4,89,linear,0.875,0.751,5,0.832,17,4to Primaria,13,12.49,1.88,Auditivo
1003,7,12,5,C,audio,27.36,414.9,3,92,back_and_forth,0.727,0.954,0,0.652,10,3ro Secundaria,14,25.8,1.92,Auditivo
1004,13,7,5,C,image,20.93,308.11,2,25,skip_and_return,0.769,0.856,0,0.895,11,2do Primaria,1,13.19,2.79,Visual
1005,7,3,10,B,exercise,21.94,354.45,5,92,skip_and_return,0.705,0.877,3,0.703,10,1ro Primaria,7,15.21,2.06,Kinestesico
1006,10,3,4,A,image,8.54,318.06,0,43,linear,0.552,0.986,2,0.735,11,4to Secundaria,5,42.77,1.48,Visual
1007,5,10,7,D,audio,23.44,354.36,4,83,linear,0.767,0.971,0,0.867,13,3ro Secundaria,8,23.71,1.18,Auditivo
1008,4,4,9,A,exercise,24.95,900.81,6,87,random,0.926,0.717,3,0.547,17,2do Primaria,11,41.39,4.06,Kinestesico
1009,3,13,5,B,audio,29.09,695.21,3,78,back_and_forth,0.828,0.792,0,0.65,11,3ro Primaria,13,20.85,1.35,Auditivo
1010,4,12,5,A,video,20.47,487.39,4,87,back_and_forth,0.65,0.837,4,0.831,17,5to Primaria,6,20.24,1.27,Auditivo
1011,7,3,9,A,exercise,40.55,519.55,7,118,random,0.913,0.705,5,0.747,11,1ro Secundaria,1,23.78,2.13,Kinestesico
1012,13,7,2,D,image,11.39,234.25,1,26,linear,0.805,0.956,2,0.782,13,4to Primaria,1,29.87,2.98,Visual
1013,10,2,7,D,image,11.27,477.46,0,39,linear,0.716,0.808,0,0.772,13,4to Primaria,12,20.79,0.65,Visual
1014,6,13,5,C,video,23.32,387.22,2,97,linear,0.672,0.829,3,0.719,14,1ro Secundaria,13,5.49,1.33,Auditivo
1015,10,5,7,C,image,13.17,278.09,0,48,linear,0.564,0.818,1,0.916,12,2do Primaria,8,16.92,4.9,Visual
1016,4,9,7,C,text,17.74,412.86,2,76,back_and_forth,0.757,0.919,4,0.688,15,3ro Secundaria,5,24.99,3.21,Auditivo
1017,9,2,5,D,video,11.66,404.95,2,53,skip_and_return,0.87,0.988,2,0.751,13,4to Primaria,13,41.89,6.79,Visual
1018,3,2,10,A,video,39.08,898.8,4,81,skip_and_return,0.712,0.93,5,0.521,14,1ro Secundaria,2,11.76,5.64,Kinestesico
1019,7,8,8,A,audio,28.8,260.1,3,91,linear,0.782,0.876,5,0.828,10,4to Secundaria,11,8.8,5.3,Auditivo
1020,5,2,10,C,exercise,39.66,571.7,7,66,skip_and_return,0.944,0.852,5,0.572,17,6to Primaria,13,33.84,1.48,Kinestesico
1021,5,12,5,D,text,19.65,687.13,3,46,back_and_forth,0.861,0.76,0,0.816,15,5to Secundaria,11,29.96,6.0,Auditivo
1022,5,9,2,B,audio,22.94,568.71,3,96,linear,0.632,0.829,4,0.838,17,4to Primaria,7,5.7,1.8,Auditivo
1023,4,4,13,A,image,39.07,618.78,7,89,back_and_forth,0.947,0.87,2,0.566,16,3ro Secundaria,4,16.44,0.84,Kinestesico
1024,4,12,5,D,audio,19.84,297.9,1,80,back_and_forth,0.817,0.829,1,0.76,11,5to Primaria,12,12.39,1.17,Auditivo
1025,11,4,7,B,image,11.07,278.57,2,44,linear,0.569,0.903,3,0.917,10,5to Primaria,4,42.24,1.98,Visual
1026,3,3,10,B,exercise,40.82,767.17,4,116,skip_and_return,0.792,0.965,2,0.521,10,2do Primaria,11,23.33,3.68,Kinestesico
1027,6,7,11,D,video,19.54,759.62,5,108,back_and_forth,0.77,0.915,3,0.592,17,3ro Primaria,10,36.7,1.56,Kinestesico
1028,2,11,3,C,text,22.66,638.56,2,75,linear,0.928,0.788,5,0.856,12,6to Primaria,4,34.12,6.18,Auditivo
1029,12,5,3,A,image,20.87,465.56,1,53,skip_and_return,0.761,0.944,1,0.81,12,2do Primaria,1,15.66,4.02,Visual
1030,6,4,10,C,exercise,22.52,440.74,7,101,random,0.891,0.878,3,0.534,10,2do Secundaria,6,41.07,6.3,Kinestesico
1031,9,6,4,C,video,13.72,400.54,0,36,skip_and_return,0.873,0.851,1,0.946,11,2do Secundaria,9,42.4,2.57,Visual
1032,5,2,14,B,exercise,30.92,432.65,7,119,random,0.752,0.924,2,0.818,11,4to Primaria,8,19.25,6.8,Kinestesico
1033,2,5,14,D,exercise,27.86,897.95,5,74,skip_and_return,0.889,0.904,1,0.554,11,5to Primaria,1,5.83,5.43,Kinestesico
1034,12,6,2,C,text,15.91,200.16,1,34,linear,0.712,0.974,1,0.727,11,1ro Primaria,11,7.43,2.78,Visual
1035,7,4,13,D,exercise,33.03,817.77,6,79,random,0.831,0.787,5,0.605,12,4to Primaria,11,11.12,2.52,Kinestesico
1036,7,7,13,A,image,25.31,753.05,7,114,back_and_forth,0.9,0.767,5,0.613,13,6to Primaria,2,12.61,1.19,Kinestesico
1037,7,10,5,C,audio,25.74,683.06,4,81,back_and_forth,0.847,0.983,5,0.886,12,4to Secundaria,12,35.78,2.97,Auditivo
1038,4,9,5,D,audio,20.04,691.71,3,58,back_and_forth,0.802,0.997,4,0.874,12,4to Primaria,14,28.41,1.22,Auditivo
1039,13,6,4,A,image,12.26,212.42,2,29,linear,0.552,0.978,2,0.833,13,3ro Secundaria,12,30.63,2.76,Visual
1040,6,14,2,B,video,23.73,593.43,4,94,linear,0.619,0.826,2,0.793,15,1ro Secundaria,5,31.34,0.69,Auditivo
1041,10,3,6,A,video,11.32,429.51,2,35,linear,0.859,0.896,0,0.967,12,2do Primaria,4,19.95,3.73,Visual
1042,4,14,6,D,audio,23.94,611.92,2,91,linear,0.611,0.955,1,0.798,13,5to Secundaria,13,37.13,3.74,Auditivo
1043,9,3,2,A,video,16.06,194.33,2,59,skip_and_return,0.866,0.816,4,0.974,15,1ro Primaria,1,11.51,5.04,Visual
1044,13,4,3,D,image,9.32,143.08,2,30,linear,0.833,0.925,3,0.923,14,4to Secundaria,6,34.0,3.91,Visual
1045,3,6,13,C,video,36.82,551.14,5,113,back_and_forth,0.716,0.817,3,0.633,11,5to Primaria,3,5.59,2.56,Kinestesico
1046,3,6,14,C,video,37.02,719.86,4,81,random,0.704,0.88,5,0.651,16,4to Secundaria,1,33.65,2.38,Kinestesico
1047,7,7,10,B,exercise,40.34,525.22,6,100,back_and_forth,0.863,0.944,4,0.662,15,3ro Primaria,1,9.91,3.7,Kinestesico
1048,14,5,5,D,image,10.99,258.53,0,21,skip_and_return,0.691,0.983,4,0.726,15,5to Secundaria,8,40.43,3.15,Visual
1049,2,14,4,C,video,29.49,312.27,2,93,back_and_forth,0.612,0.787,4,0.803,15,4to Secundaria,11,11.34,4.63,Auditivo
1050,4,11,5,C,audio,30.06,440.2,2,84,back_and_forth,0.712,0.983,2,0.84,13,1ro Primaria,11,23.39,4.48,Auditivo
1051,5,11,3,A,text,17.84,458.35,4,92,back_and_forth,0.763,0.868,1,0.655,13,1ro Secundaria,5,40.28,3.74,Auditivo
1052,7,4,7,C,video,38.5,728.76,7,102,random,0.772,0.855,5,0.699,13,4to Primaria,9,33.13,3.19,Kinestesico
1053,7,6,10,B,exercise,24.84,726.47,7,81,skip_and_return,0.773,0.725,2,0.598,12,1ro Secundaria,9,6.5,3.67,Kinestesico
1054,7,5,11,C,exercise,42.65,501.62,3,93,random,0.781,0.987,3,0.562,16,3ro Secundaria,1,32.42,1.86,Kinestesico
1055,14,7,3,A,video,12.33,195.34,1,52,linear,0.842,0.805,2,0.792,11,2do Primaria,12,5.76,5.54,Visual
1056,7,4,12,B,exercise,39.07,424.86,3,115,back_and_forth,0.783,0.79,5,0.8,13,6to Primaria,12,26.73,5.16,Kinestesico
1057,2,4,11,D,exercise,30.12,777.19,4,95,back_and_forth,0.999,0.79,5,0.503,14,5to Primaria,3,16.58,1.61,Kinestesico
1058,11,2,3,B,video,19.61,439.22,2,34,skip_and_return,0.82,0.953,2,0.908,17,1ro Secundaria,1,39.02,2.7,Visual
1059,10,8,7,A,text,16.7,455.08,1,53,linear,0.735,0.801,1,0.92,16,4to Secundaria,4,29.39,3.17,Visual
1060,12,4,5,B,text,15.64,432.0,2,61,skip_and_return,0.888,0.987,2,0.739,10,1ro Secundaria,8,29.72,5.87,Visual
1061,7,9,3,B,audio,16.33,494.35,3,87,linear,0.894,0.841,5,0.603,14,4to Primaria,7,8.2,2.07,Auditivo
1062,3,6,10,D,image,37.64,833.19,6,86,random,0.737,0.951,2,0.736,14,1ro Primaria,3,30.8,3.42,Kinestesico
1063,12,6,3,C,text,18.71,428.57,1,55,linear,0.663,0.934,1,0.924,11,4to Secundaria,11,25.29,5.53,Visual
1064,12,3,4,D,image,9.92,252.59,2,27,linear,0.58,0.84,0,0.758,17,5to Secundaria,3,8.08,1.7,Visual
1065,4,7,9,A,audio,24.07,646.24,3,45,back_and_forth,0.832,0.873,0,0.778,10,1ro Primaria,8,20.18,4.96,Auditivo
1066,4,6,13,C,video,29.27,517.9,6,83,random,0.866,0.986,1,0.53,17,2do Primaria,11,37.68,5.62,Kinestesico
1067,6,14,5,D,audio,23.39,334.2,1,69,back_and_forth,0.678,0.762,4,0.864,10,4to Primaria,10,24.8,6.32,Auditivo
1068,14,7,4,B,text,20.22,330.61,2,34,skip_and_return,0.728,0.809,4,0.978,15,5to Secundaria,9,36.22,0.68,Visual
1069,3,10,5,C,audio,31.99,408.73,3,94,linear,0.735,0.77,1,0.907,10,3ro Secundaria,9,35.13,1.33,Auditivo
1070,10,8,5,A,video,18.86,285.22,0,61,skip_and_return,0.552,0.886,3,0.787,15,5to Primaria,13,6.45,4.9,Visual
1071,2,13,3,B,text,31.23,505.6,3,94,linear,0.875,0.794,4,0.609,10,3ro Primaria,11,35.53,1.33,Auditivo
1072,3,2,14,C,exercise,20.17,472.03,4,96,skip_and_return,0.97,0.784,3,0.695,16,4to Secundaria,13,43.2,1.3,Kinestesico
1073,11,5,4,D,image,19.64,226.0,2,47,skip_and_return,0.66,0.953,5,0.774,15,1ro Secundaria,12,38.06,6.75,Visual
1074,14,5,7,B,video,13.28,292.34,1,57,linear,0.715,0.85,5,0.775,15,6to Primaria,8,18.12,6.33,Visual
1075,12,2,7,D,video,19.14,163.02,1,48,skip_and_return,0.81,0.891,5,0.916,11,3ro Primaria,11,41.21,6.82,Visual
1076,5,13,3,B,text,19.22,639.94,2,96,linear,0.909,0.884,3,0.765,12,1ro Primaria,4,25.51,4.62,Auditivo
1077,6,9,3,B,audio,16.93,413.95,2,79,linear,0.688,0.891,0,0.788,11,4to Primaria,9,41.26,5.6,Auditivo
1078,3,7,9,B,video,28.23,817.81,5,92,back_and_forth,0.959,0.754,2,0.657,16,4to Primaria,10,40.37,1.82,Kinestesico
1079,5,9,5,C,audio,30.59,699.12,3,90,back_and_forth,0.757,0.793,0,0.711,13,6to Primaria,4,31.8,1.36,Auditivo
1080,3,10,3,A,audio,17.1,592.04,1,45,back_and_forth,0.885,0.761,2,0.758,10,4to Secundaria,8,36.86,3.24,Auditivo
1081,8,6,9,D,exercise,37.85,461.42,6,70,skip_and_return,0.946,0.83,4,0.647,15,1ro Secundaria,4,41.84,3.06,Kinestesico
1082,2,14,7,B,audio,24.14,595.15,3,94,back_and_forth,0.623,0.953,0,0.705,13,3ro Primaria,5,33.05,0.72,Auditivo
1083,12,4,5,A,text,11.75,246.13,2,25,skip_and_return,0.797,0.947,5,0.827,11,3ro Primaria,7,29.27,3.21,Visual
1084,11,2,6,C,video,12.51,300.34,0,63,linear,0.653,0.986,5,0.849,10,2do Primaria,1,41.68,6.02,Visual
1085,13,3,6,D,video,15.07,275.33,0,52,linear,0.837,0.897,4,0.886,14,6to Primaria,1,43.65,2.15,Visual
1086,12,3,2,A,video,14.31,153.7,1,44,skip_and_return,0.898,0.822,4,0.774,14,4to Secundaria,8,40.16,3.24,Visual
1087,7,10,4,C,audio,31.04,429.88,3,57,linear,0.611,0.941,4,0.611,15,6to Primaria,14,35.64,6.03,Auditivo
1088,9,3,7,B,video,9.35,453.09,1,30,linear,0.684,0.91,5,0.935,12,1ro Secundaria,4,27.43,6.5,Visual
1089,6,13,6,C,text,22.17,578.37,2,84,back_and_forth,0.642,0.964,3,0.716,17,3ro Primaria,9,41.6,3.11,Auditivo
1090,3,10,3,A,audio,25.39,482.72,4,66,back_and_forth,0.648,0.822,1,0.75,16,6to Primaria,1,12.2,6.63,Auditivo
1091,6,12,4,D,audio,24.85,634.56,3,88,back_and_forth,0.818,0.997,5,0.91,16,5to Primaria,4,40.36,5.39,Auditivo
1092,7,8,6,C,audio,26.67,539.36,1,74,back_and_forth,0.705,0.853,0,0.626,13,1ro Primaria,6,30.85,3.19,Auditivo
1093,5,9,5,B,audio,25.24,281.17,4,74,back_and_forth,0.877,0.913,4,0.866,13,3ro Secundaria,3,10.88,2.25,Auditivo
1094,10,2,4,D,image,21.09,328.03,1,58,linear,0.574,0.884,4,0.845,16,4to Primaria,1,34.64,1.58,Visual
1095,14,7,4,D,video,16.07,146.51,1,58,linear,0.875,0.917,0,0.824,10,3ro Secundaria,9,40.71,4.22,Visual
1096,9,5,9,D,video,24.14,888.92,7,112,skip_and_return,0.774,0.873,0,0.779,16,1ro Primaria,12,16.4,0.94,Kinestesico
1097,13,2,6,B,image,17.51,288.73,1,24,linear,0.749,0.866,2,0.929,16,4to Primaria,11,12.37,2.46,Visual
1098,9,5,4,A,image,21.04,418.17,1,21,linear,0.76,0.867,4,0.819,16,6to Primaria,10,28.34,3.04,Visual
1099,2,3,14,C,video,37.58,645.2,4,112,skip_and_return,0.802,0.779,1,0.686,13,3ro Secundaria,8,23.37,5.37,Kinestesico
1100,14,4,7,B,image,8.56,414.26,1,51,skip_and_return,0.87,0.983,2,0.734,14,5to Secundaria,4,31.53,0.94,Visual
1101,5,4,13,C,exercise,40.82,539.45,5,104,back_and_forth,0.851,0.9,2,0.765,13,2do Primaria,5,6.16,5.47,Kinestesico
1102,9,3,4,D,image,18.87,427.76,2,24,linear,0.632,0.874,5,0.818,11,1ro Primaria,6,30.72,6.39,Visual
1103,7,10,5,D,audio,27.73,660.6,3,71,back_and_forth,0.601,0.78,0,0.918,16,1ro Primaria,10,10.79,3.81,Auditivo
1104,13,7,3,D,image,21.32,194.03,0,21,skip_and_return,0.731,0.932,4,0.922,16,5to Secundaria,9,43.28,5.1,Visual
1105,3,4,13,D,exercise,33.16,736.77,3,83,skip_and_return,0.771,0.953,0,0.687,11,5to Secundaria,6,23.15,4.33,Kinestesico
1106,10,6,7,A,image,9.99,205.57,1,26,linear,0.597,0.966,2,0.936,15,3ro Primaria,3,5.26,6.83,Visual
1107,14,5,5,C,video,13.68,233.15,0,55,linear,0.681,0.893,0,0.951,15,4to Primaria,10,37.93,0.77,Visual
1108,2,12,2,B,audio,26.73,300.33,2,83,back_and_forth,0.919,0.893,3,0.68,10,6to Primaria,2,13.37,3.86,Auditivo
1109,11,5,7,A,image,8.51,266.87,1,33,linear,0.809,0.978,0,0.722,10,2do Primaria,5,37.87,3.61,Visual
1110,6,11,7,B,audio,26.28,329.25,2,94,back_and_forth,0.841,0.778,0,0.642,12,4to Primaria,9,30.8,6.54,Auditivo
1111,5,12,2,A,audio,26.99,352.65,1,67,linear,0.758,0.877,3,0.908,10,5to Primaria,14,26.84,3.41,Auditivo
1112,5,12,6,C,video,25.34,331.61,2,52,linear,0.636,0.995,2,0.764,15,3ro Secundaria,5,20.21,4.94,Auditivo
1113,4,14,2,C,audio,19.93,605.48,1,86,linear,0.649,0.936,4,0.64,12,3ro Primaria,10,11.83,4.48,Auditivo
1114,11,6,7,D,image,19.53,179.8,1,50,linear,0.703,0.92,1,0.907,13,4to Primaria,2,14.13,3.59,Visual
1115,12,6,4,B,image,17.22,228.56,1,62,linear,0.821,0.803,3,0.935,11,4to Secundaria,5,12.65,5.5,Visual
1116,3,10,3,B,text,14.24,505.63,4,61,linear,0.903,0.936,3,0.642,15,1ro Primaria,11,6.53,4.7,Auditivo
1117,5,7,9,A,exercise,27.87,537.79,4,75,back_and_forth,0.881,0.798,1,0.552,12,2do Secundaria,13,21.15,4.64,Kinestesico
1118,6,3,10,C,exercise,27.57,532.48,7,97,back_and_forth,0.894,0.885,5,0.805,11,6to Primaria,14,42.38,3.35,Kinestesico
1119,7,12,5,A,video,29.53,406.16,2,64,linear,0.68,0.877,0,0.918,11,5to Primaria,8,39.16,3.69,Auditivo
1120,7,13,6,C,audio,16.0,254.92,3,80,linear,0.622,0.819,2,0.724,14,1ro Secundaria,7,41.76,1.24,Auditivo
1121,5,6,10,C,exercise,41.96,565.67,7,84,random,0.979,0.703,2,0.708,15,3ro Secundaria,9,30.43,3.8,Kinestesico
1122,2,9,3,B,audio,18.37,559.85,4,57,back_and_forth,0.804,0.863,3,0.883,14,3ro Primaria,10,38.55,3.93,Auditivo
1123,2,4,14,A,exercise,31.72,698.38,5,68,random,0.969,0.759,3,0.552,11,3ro Secundaria,4,44.34,2.81,Kinestesico
1124,10,9,4,B,video,10.23,178.8,2,45,linear,0.641,0.939,1,0.854,12,3ro Primaria,8,19.3,6.68,Visual
1125,10,7,6,D,image,20.75,366.19,1,35,linear,0.821,0.818,2,0.801,13,2do Primaria,8,37.02,4.45,Visual
1126,6,14,2,B,text,15.18,354.01,4,78,back_and_forth,0.852,0.779,1,0.634,16,5to Primaria,14,24.07,4.81,Auditivo
1127,2,2,13,B,image,37.5,573.9,4,119,back_and_forth,0.713,0.939,1,0.813,17,1ro Primaria,11,9.16,1.82,Kinestesico
1128,14,6,6,A,text,14.82,343.54,0,43,linear,0.58,0.955,5,0.99,17,1ro Primaria,1,8.81,3.72,Visual
1129,7,7,13,C,video,41.91,614.17,3,101,back_and_forth,0.898,0.936,2,0.728,11,1ro Primaria,4,6.0,2.3,Kinestesico
1130,11,5,5,D,video,10.38,350.0,2,63,skip_and_return,0.639,0.837,5,0.71,15,1ro Secundaria,12,40.43,3.01,Visual
1131,11,7,5,C,video,20.27,383.82,0,54,skip_and_return,0.766,0.983,3,0.875,17,6to Primaria,7,35.68,6.04,Visual
1132,6,5,9,A,video,28.51,685.88,3,86,random,0.887,0.834,5,0.503,15,2do Primaria,11,36.48,2.03,Kinestesico
1133,6,12,3,D,video,24.3,278.41,3,55,linear,0.632,0.85,2,0.608,11,2do Secundaria,6,26.42,5.42,Auditivo
1134,11,3,3,C,image,21.09,241.03,0,47,skip_and_return,0.825,0.844,2,0.869,15,4to Primaria,6,30.08,2.87,Visual
1135,5,11,5,D,audio,29.64,680.9,3,46,back_and_forth,0.927,0.82,5,0.721,15,5to Secundaria,1,43.34,6.5,Auditivo
1136,6,3,10,B,video,28.65,594.85,3,116,random,0.717,0.726,3,0.592,13,6to Primaria,10,11.94,3.87,Kinestesico
1137,14,5,4,C,image,14.56,176.25,2,43,skip_and_return,0.815,0.866,2,0.723,16,2do Primaria,12,14.16,1.42,Visual
1138,10,2,3,C,text,20.0,289.79,2,60,linear,0.599,0.915,2,0.716,17,3ro Primaria,5,36.72,5.32,Visual
1139,13,2,3,D,image,17.93,136.1,1,31,linear,0.776,0.92,0,0.929,14,5to Secundaria,3,37.72,4.95,Visual
1140,5,6,14,A,exercise,37.55,914.52,3,74,back_and_forth,0.737,0.896,0,0.676,14,4to Secundaria,9,12.42,3.51,Kinestesico
1141,11,6,7,D,video,18.05,215.05,1,59,skip_and_return,0.592,0.942,1,0.882,12,6to Primaria,7,12.54,1.74,Visual
1142,3,14,5,B,audio,19.89,508.81,4,64,linear,0.645,0.811,1,0.85,11,3ro Secundaria,1,40.81,1.65,Auditivo
1143,2,9,7,D,audio,17.11,364.17,4,91,back_and_forth,0.625,0.774,0,0.83,13,3ro Secundaria,1,5.22,2.04,Auditivo
1144,3,3,9,A,exercise,28.94,677.85,6,108,random,0.784,0.788,1,0.694,11,2do Primaria,3,41.72,3.91,Kinestesico
1145,4,12,2,D,audio,17.41,314.29,3,98,back_and_forth,0.863,0.889,1,0.674,10,2do Primaria,1,35.77,1.26,Auditivo
1146,11,7,4,A,video,12.76,378.76,0,46,linear,0.562,0.932,4,0.724,14,2do Primaria,1,44.74,1.5,Visual
1147,5,2,13,D,image,29.64,767.52,6,90,random,0.707,0.825,1,0.52,12,3ro Secundaria,11,37.81,2.23,Kinestesico
1148,7,2,10,A,exercise,28.68,898.39,4,74,random,0.762,0.729,4,0.602,14,5to Primaria,5,26.6,0.77,Kinestesico
1149,5,6,13,A,exercise,35.93,916.59,3,119,random,0.905,0.995,2,0.808,14,1ro Primaria,7,15.57,4.49,Kinestesico
1150,7,3,9,A,image,20.78,350.11,7,70,random,0.931,0.772,2,0.581,16,2do Secundaria,5,23.51,3.52,Kinestesico
1151,10,2,3,D,image,17.1,466.58,2,26,linear,0.632,0.894,5,0.708,16,4to Primaria,5,18.47,2.37,Visual
1152,14,7,6,A,image,8.73,255.76,0,42,linear,0.822,0.818,0,0.924,13,3ro Primaria,3,44.32,0.66,Visual
1153,4,6,14,C,image,29.27,509.47,4,86,skip_and_return,0.997,0.864,4,0.689,14,2do Primaria,3,20.72,1.73,Kinestesico
1154,3,9,5,C,audio,22.6,413.02,3,60,back_and_forth,0.869,0.93,4,0.733,12,3ro Secundaria,14,44.3,3.51,Auditivo
1155,3,10,6,C,video,18.95,499.17,1,90,linear,0.684,0.805,1,0.609,17,5to Primaria,9,15.79,6.31,Auditivo
1156,9,9,7,A,video,8.27,248.53,1,44,linear,0.837,0.809,4,0.889,12,5to Secundaria,13,26.61,3.83,Visual
1157,6,9,7,B,video,29.95,280.14,2,65,linear,0.895,0.867,4,0.644,12,5to Secundaria,2,32.68,4.64,Auditivo
1158,12,5,2,D,video,16.1,414.22,0,50,linear,0.868,0.867,3,0.948,17,4to Secundaria,5,28.27,4.32,Visual
1159,2,13,5,D,audio,29.93,314.85,1,87,linear,0.934,0.839,1,0.821,15,2do Secundaria,10,10.79,4.23,Auditivo
1160,4,7,9,A,exercise,26.44,860.77,3,92,skip_and_return,0.777,0.911,0,0.685,16,3ro Secundaria,10,39.47,1.52,Kinestesico
1161,2,12,7,B,audio,16.73,460.9,2,92,linear,0.888,0.891,1,0.667,15,3ro Secundaria,13,28.65,4.42,Auditivo
1162,6,5,14,D,exercise,37.36,522.57,7,76,skip_and_return,0.783,0.828,5,0.566,13,4to Primaria,3,29.51,1.62,Kinestesico
1163,7,7,9,D,exercise,26.26,369.57,5,70,random,0.711,0.974,3,0.527,13,5to Secundaria,4,34.13,2.07,Kinestesico
1164,7,2,13,C,exercise,20.05,736.72,4,92,skip_and_return,0.877,0.754,3,0.542,10,5to Primaria,6,18.91,4.07,Kinestesico
1165,3,6,10,A,video,22.77,535.21,5,107,random,0.788,0.851,3,0.631,15,5to Primaria,4,23.86,6.88,Kinestesico
1166,5,12,7,D,text,14.27,479.37,4,95,back_and_forth,0.927,0.835,0,0.721,17,3ro Secundaria,12,34.57,2.4,Auditivo
1167,2,4,12,B,exercise,43.76,372.71,6,96,back_and_forth,0.702,0.831,2,0.704,12,5to Primaria,9,32.92,3.77,Kinestesico
1168,11,7,4,B,text,15.42,478.06,2,21,skip_and_return,0.7,0.943,2,0.937,15,4to Secundaria,6,43.72,5.61,Visual
1169,10,7,6,A,video,21.97,200.08,2,25,linear,0.681,0.946,0,0.899,13,2do Primaria,13,6.04,5.5,Visual
1170,2,11,7,C,audio,20.71,405.97,3,98,back_and_forth,0.741,0.824,0,0.879,16,4to Primaria,10,26.5,4.88,Auditivo
1171,2,6,14,A,exercise,26.87,829.4,4,109,back_and_forth,0.855,0.953,4,0.685,16,2do Primaria,1,6.27,2.17,Kinestesico
1172,2,2,11,D,exercise,37.55,726.38,4,116,back_and_forth,0.777,0.853,3,0.549,14,3ro Primaria,5,7.35,4.12,Kinestesico
1173,9,5,2,B,text,10.25,161.3,2,58,skip_and_return,0.74,0.974,0,0.963,12,1ro Primaria,4,31.46,1.7,Visual
1174,11,6,5,A,video,9.1,296.52,0,56,linear,0.619,0.908,2,0.799,12,6to Primaria,8,31.25,5.97,Visual
1175,7,5,13,D,exercise,36.45,702.96,3,81,back_and_forth,0.88,0.92,4,0.785,11,5to Secundaria,10,21.69,0.59,Kinestesico
1176,7,10,4,D,audio,14.47,449.27,1,55,linear,0.77,0.903,5,0.706,11,1ro Secundaria,10,9.39,0.78,Auditivo
1177,7,12,4,B,audio,29.45,475.25,4,65,back_and_forth,0.859,0.767,2,0.792,14,4to Secundaria,9,43.09,6.06,Auditivo
1178,12,6,6,A,image,12.22,392.33,1,42,linear,0.562,0.87,0,0.992,11,5to Secundaria,6,36.03,4.51,Visual
1179,7,5,12,B,exercise,19.51,899.87,6,111,back_and_forth,0.948,0.952,3,0.523,11,6to Primaria,10,21.93,4.15,Kinestesico
1180,12,5,3,C,text,12.42,350.13,2,33,linear,0.879,0.919,5,0.891,15,2do Primaria,5,42.88,6.82,Visual
1181,3,10,2,A,audio,29.58,507.52,3,67,back_and_forth,0.718,0.997,3,0.81,15,5to Secundaria,4,32.62,2.83,Auditivo
1182,11,3,5,D,image,18.04,403.88,2,25,skip_and_return,0.723,0.893,0,0.846,17,3ro Secundaria,12,36.14,3.66,Visual
1183,2,3,11,A,exercise,42.81,643.0,3,65,skip_and_return,0.731,0.757,0,0.737,15,1ro Secundaria,2,41.11,4.07,Kinestesico
1184,13,2,6,D,text,15.87,178.76,0,54,linear,0.618,0.932,3,0.925,13,1ro Primaria,6,35.31,0.69,Visual
1185,11,6,2,C,image,12.75,209.76,0,60,linear,0.709,0.82,0,0.935,13,4to Secundaria,9,35.58,1.9,Visual
1186,5,14,4,B,audio,24.89,312.87,3,47,back_and_forth,0.723,0.89,4,0.746,10,5to Primaria,9,29.35,1.7,Auditivo
1187,2,13,7,A,audio,20.14,294.25,4,59,back_and_forth,0.946,0.915,2,0.646,12,2do Secundaria,11,23.84,6.88,Auditivo
1188,12,4,2,D,image,14.03,294.27,0,21,skip_and_return,0.855,0.991,2,0.911,16,4to Primaria,9,19.82,4.55,Visual
1189,3,3,14,D,exercise,19.94,600.87,6,119,random,0.786,0.843,4,0.766,15,6to Primaria,5,24.2,6.92,Kinestesico
1190,5,9,5,C,video,15.02,284.67,3,63,back_and_forth,0.902,0.993,2,0.778,10,3ro Secundaria,7,20.59,2.48,Auditivo
1191,11,4,2,B,image,17.11,255.27,0,37,skip_and_return,0.581,0.86,5,0.766,10,4to Primaria,2,12.11,3.97,Visual
1192,3,4,9,C,image,34.52,425.9,3,108,back_and_forth,0.711,0.991,3,0.777,12,1ro Primaria,6,43.97,4.06,Kinestesico
1193,6,5,13,D,video,20.49,835.58,5,67,skip_and_return,0.893,0.845,2,0.591,15,2do Secundaria,8,21.29,2.26,Kinestesico
1194,5,11,6,B,audio,22.68,464.35,3,60,linear,0.767,0.758,0,0.641,11,3ro Secundaria,6,44.27,3.24,Auditivo
1195,14,5,6,B,video,18.85,232.68,0,24,skip_and_return,0.597,0.853,4,0.754,14,1ro Primaria,2,28.28,3.25,Visual
1196,9,4,2,B,video,16.63,225.93,1,53,linear,0.616,0.937,1,0.78,12,2do Secundaria,3,7.98,0.51,Visual
1197,2,5,14,C,exercise,25.32,518.87,6,81,back_and_forth,0.888,0.909,1,0.68,10,4to Primaria,12,9.31,1.72,Kinestesico
1198,6,9,3,A,audio,20.43,606.76,2,61,linear,0.865,0.756,1,0.645,15,6to Primaria,6,18.56,5.6,Auditivo
1199,13,4,6,D,text,13.55,175.02,1,62,linear,0.556,0.979,5,0.935,13,3ro Primaria,2,17.41,6.3,Visual
1200,4,11,3,C,audio,23.52,597.68,3,90,back_and_forth,0.802,0.866,2,0.843,16,2do Secundaria,9,34.74,6.87,Auditivo
1201,10,7,3,A,video,11.35,433.0,0,36,skip_and_return,0.672,0.853,1,0.844,17,6to Primaria,14,23.63,2.5,Visual
1202,10,4,3,A,image,18.77,245.35,2,48,linear,0.749,0.974,0,0.762,10,4to Secundaria,13,36.56,4.24,Visual
1203,2,2,9,A,image,37.09,663.91,7,107,back_and_forth,0.939,0.766,2,0.733,12,2do Secundaria,7,32.05,6.89,Kinestesico
1204,2,14,2,C,audio,18.9,618.27,4,65,linear,0.802,0.82,3,0.881,12,4to Secundaria,11,37.88,2.25,Auditivo
1205,9,5,6,C,image,13.85,185.34,1,33,linear,0.68,0.945,4,0.8,13,1ro Secundaria,13,13.42,2.37,Visual
1206,3,13,6,A,video,21.25,344.43,1,83,back_and_forth,0.612,0.804,4,0.8,16,3ro Secundaria,3,39.33,6.12,Auditivo
1207,10,3,3,C,image,17.74,264.7,1,52,linear,0.829,0.973,5,0.917,13,3ro Primaria,9,14.24,6.67,Visual
1208,3,14,5,D,audio,17.06,642.12,2,59,linear,0.622,0.85,4,0.76,13,4to Primaria,11,35.94,6.32,Auditivo
1209,5,2,7,B,exercise,26.32,704.44,5,114,back_and_forth,0.724,0.789,2,0.53,14,4to Primaria,9,14.01,6.87,Kinestesico
1210,4,9,4,C,audio,14.61,631.96,2,83,linear,0.781,0.872,2,0.793,14,2do Primaria,10,20.71,5.93,Auditivo
1211,7,6,5,A,video,14.9,272.4,1,49,linear,0.66,0.886,1,0.985,11,1ro Primaria,1,43.87,0.85,Visual
1212,11,6,4,B,image,20.25,209.35,1,42,skip_and_return,0.656,0.952,3,0.748,16,5to Secundaria,12,25.84,2.64,Visual
1213,2,4,9,C,exercise,33.44,358.18,6,109,back_and_forth,0.964,0.712,1,0.671,15,1ro Primaria,7,17.51,1.49,Kinestesico
1214,12,7,4,B,image,10.44,187.85,0,25,linear,0.791,0.83,0,0.776,12,3ro Primaria,9,11.21,6.86,Visual
1215,6,2,11,B,video,20.38,569.21,5,105,random,0.926,0.797,0,0.557,14,5to Primaria,5,24.47,3.75,Kinestesico
1216,3,14,7,A,video,15.95,388.09,1,49,linear,0.83,0.941,5,0.636,11,3ro Primaria,1,28.52,0.65,Auditivo
1217,12,3,4,B,video,16.6,400.96,1,35,linear,0.735,0.814,3,0.835,15,4to Secundaria,13,8.59,5.51,Visual
1218,10,4,2,B,video,13.28,343.24,1,39,linear,0.863,0.991,1,0.762,13,2do Primaria,8,19.76,6.33,Visual
1219,7,2,13,D,video,34.89,565.04,5,86,skip_and_return,0.823,0.994,2,0.676,14,2do Secundaria,11,8.54,3.63,Kinestesico
1220,5,3,9,B,image,32.1,742.68,5,72,back_and_forth,0.712,0.866,1,0.719,13,1ro Primaria,7,20.77,6.47,Kinestesico
1221,14,5,6,D,image,16.96,183.13,1,38,linear,0.572,0.856,5,0.948,17,3ro Primaria,3,38.76,3.38,Visual
1222,7,6,13,D,exercise,38.46,525.5,7,97,back_and_forth,0.802,0.887,5,0.783,13,3ro Primaria,3,10.94,6.07,Kinestesico
1223,2,2,14,B,exercise,31.27,486.79,6,95,skip_and_return,0.815,0.924,0,0.67,11,6to Primaria,10,18.34,4.87,Kinestesico
1224,10,7,6,C,image,14.32,401.79,0,28,linear,0.771,0.813,5,0.729,13,5to Primaria,8,40.38,3.56,Visual
1225,9,7,6,C,image,9.65,400.45,2,22,linear,0.877,0.891,5,0.816,12,5to Secundaria,5,21.04,2.6,Visual
1226,9,7,2,D,video,21.18,385.92,2,36,skip_and_return,0.748,0.848,4,0.912,12,1ro Primaria,6,36.25,0.83,Visual
1227,8,7,8,D,exercise,36.84,812.0,5,81,skip_and_return,0.838,0.924,2,0.582,13,1ro Secundaria,8,8.17,6.48,Kinestesico
1228,5,5,13,D,exercise,31.77,705.28,5,75,random,0.953,0.95,2,0.758,16,3ro Secundaria,10,32.17,5.41,Kinestesico
1229,9,4,4,D,image,15.96,185.31,2,60,linear,0.735,0.968,4,0.798,13,6to Primaria,11,26.15,1.7,Visual
1230,10,3,3,A,video,10.86,421.9,1,49,skip_and_return,0.556,0.981,1,0.818,12,4to Secundaria,2,26.48,5.18,Visual
1231,7,10,5,A,text,15.96,482.42,3,90,linear,0.796,0.835,3,0.903,11,2do Secundaria,10,26.15,2.86,Auditivo
1232,5,9,5,C,video,29.76,577.93,2,89,back_and_forth,0.948,0.799,2,0.836,11,5to Secundaria,4,37.63,4.14,Auditivo
1233,3,11,3,A,audio,31.75,388.98,3,85,linear,0.732,0.981,5,0.724,15,1ro Secundaria,3,42.28,2.92,Auditivo
1234,2,2,9,D,video,27.55,767.61,6,79,random,0.736,0.848,4,0.678,15,6to Primaria,14,7.26,2.64,Kinestesico
1235,6,14,7,A,audio,22.22,343.92,1,64,linear,0.644,0.88,2,0.827,11,5to Primaria,12,17.22,1.11,Auditivo
1236,11,5,6,C,image,17.62,387.35,0,41,linear,0.694,0.905,3,0.901,12,2do Primaria,11,33.44,4.45,Visual
1237,13,2,3,B,text,9.72,179.6,1,42,skip_and_return,0.768,0.832,0,0.8,16,6to Primaria,3,10.39,3.25,Visual
1238,5,11,7,C,video,18.88,345.64,3,86,linear,0.616,0.911,3,0.609,10,1ro Secundaria,6,7.11,2.83,Auditivo
1239,7,3,13,B,exercise,39.71,476.06,5,111,random,0.885,0.983,5,0.691,10,3ro Secundaria,8,35.04,3.08,Kinestesico
1240,4,10,6,C,audio,28.32,314.56,3,71,linear,0.675,0.899,2,0.813,15,1ro Primaria,10,19.25,6.4,Auditivo
1241,6,5,7,D,video,38.39,443.62,6,101,random,0.762,0.789,2,0.781,17,3ro Primaria,6,44.33,1.18,Kinestesico
1242,7,7,12,A,video,27.93,673.96,3,70,random,0.774,0.864,0,0.513,15,4to Primaria,7,10.55,1.37,Kinestesico
1243,13,6,6,A,image,21.39,374.03,0,60,skip_and_return,0.824,0.9,5,0.793,12,3ro Secundaria,7,42.5,5.49,Visual
1244,13,6,5,B,image,10.02,266.53,1,33,linear,0.694,0.815,1,0.833,14,2do Primaria,4,7.38,3.69,Visual
1245,12,3,6,B,image,16.95,347.09,2,49,skip_and_return,0.781,0.95,3,0.873,11,6to Primaria,6,22.12,6.66,Visual
1246,7,12,5,B,audio,28.51,371.69,3,74,back_and_forth,0.701,0.875,4,0.798,17,1ro Secundaria,3,20.64,6.26,Auditivo
1247,5,9,9,B,audio,22.11,424.35,4,51,back_and_forth,0.635,0.828,5,0.874,14,4to Primaria,14,6.12,4.79,Auditivo
1248,6,2,11,D,exercise,20.27,711.1,6,96,skip_and_return,0.928,0.748,3,0.767,10,2do Primaria,2,39.8,5.18,Kinestesico
1249,13,4,3,C,video,8.67,169.85,0,29,skip_and_return,0.776,0.965,0,0.748,11,5to Primaria,13,18.7,6.61,Visual
1250,6,6,9,C,video,38.71,761.69,4,65,back_and_forth,0.83,0.981,0,0.706,17,2do Secundaria,10,16.75,1.85,Kinestesico
1251,11,3,3,C,video,10.76,181.34,1,60,linear,0.662,0.944,2,0.986,13,3ro Primaria,10,33.81,5.51,Visual
1252,7,9,7,B,text,10.16,264.19,0,60,linear,0.609,0.955,0,0.804,12,6to Primaria,10,32.44,5.83,Visual
1253,11,4,7,C,image,10.85,187.63,1,46,linear,0.55,0.971,3,0.729,16,6to Primaria,1,14.55,5.02,Visual
1254,8,8,4,C,video,19.51,274.03,2,48,skip_and_return,0.701,0.826,3,0.795,11,5to Secundaria,12,37.28,3.59,Visual
1255,9,3,5,D,text,15.72,369.28,2,37,skip_and_return,0.794,0.853,3,0.722,11,6to Primaria,6,38.82,4.14,Visual
1256,8,3,9,D,image,32.59,469.78,3,110,skip_and_return,0.752,0.949,4,0.615,16,3ro Primaria,7,31.85,5.67,Kinestesico
1257,9,4,6,C,video,20.26,325.56,0,45,linear,0.801,0.845,5,0.8,16,3ro Secundaria,4,9.24,5.17,Visual
1258,7,11,4,B,audio,28.46,510.35,2,53,back_and_forth,0.807,0.835,4,0.89,12,6to Primaria,9,29.36,4.68,Auditivo
1259,11,2,6,D,image,17.95,311.05,2,61,linear,0.721,0.907,2,0.967,12,2do Primaria,11,37.32,4.5,Visual
1260,2,6,12,B,exercise,22.12,385.96,4,116,skip_and_return,0.81,0.891,5,0.53,17,2do Primaria,1,33.4,2.01,Kinestesico
1261,4,2,10,B,exercise,27.96,805.08,4,100,back_and_forth,0.781,0.855,3,0.679,15,6to Primaria,14,35.34,2.48,Kinestesico
1262,12,4,3,A,image,19.59,399.85,1,59,linear,0.873,0.899,5,0.833,13,6to Primaria,7,22.12,1.49,Visual
1263,9,7,7,A,exercise,23.03,848.44,5,88,back_and_forth,0.886,0.708,2,0.633,10,1ro Secundaria,9,29.23,6.39,Kinestesico
1264,4,3,14,A,exercise,40.64,871.33,3,117,back_and_forth,0.951,0.86,1,0.674,10,1ro Secundaria,9,40.07,3.54,Kinestesico
1265,4,11,7,C,audio,23.95,602.45,3,53,back_and_forth,0.92,0.882,2,0.601,10,3ro Secundaria,11,10.85,2.27,Auditivo
1266,7,3,13,B,exercise,39.53,890.7,7,71,back_and_forth,0.813,0.98,4,0.508,12,2do Primaria,3,8.07,3.14,Kinestesico
1267,12,7,3,B,video,17.61,177.94,2,44,skip_and_return,0.565,0.806,1,0.703,13,5to Primaria,2,39.24,6.18,Visual
1268,7,9,3,B,video,16.26,685.35,2,94,back_and_forth,0.754,0.759,4,0.619,17,1ro Primaria,7,26.19,1.09,Auditivo
1269,3,10,6,A,audio,25.42,446.57,3,94,back_and_forth,0.692,0.891,5,0.627,13,1ro Primaria,9,36.08,3.38,Auditivo
1270,5,9,6,B,video,22.73,610.97,4,93,linear,0.818,0.882,1,0.669,12,1ro Secundaria,4,32.31,1.17,Auditivo
1271,9,5,4,A,video,11.97,272.15,0,48,linear,0.714,0.955,4,0.942,14,6to Primaria,6,7.47,1.8,Visual
1272,6,13,2,C,video,20.94,469.91,3,50,linear,0.629,0.99,5,0.794,13,3ro Secundaria,10,36.75,0.62,Auditivo
1273,9,7,6,B,video,21.19,275.45,1,26,skip_and_return,0.663,0.828,1,0.726,16,4to Secundaria,4,9.79,0.6,Visual
1274,8,7,2,C,image,9.52,394.88,2,64,skip_and_return,0.74,0.856,1,0.9,15,1ro Primaria,1,22.37,2.44,Visual
1275,10,6,3,D,video,11.63,222.89,0,23,skip_and_return,0.826,0.842,1,0.877,15,4to Secundaria,10,42.61,4.86,Visual
1276,14,2,3,A,image,8.53,216.62,2,34,linear,0.556,0.869,5,0.953,10,4to Secundaria,3,7.84,1.67,Visual
1277,2,4,9,C,video,24.94,876.2,6,74,random,0.789,0.807,1,0.609,15,4to Primaria,10,36.49,2.6,Kinestesico
1278,11,3,7,B,image,12.38,175.89,0,53,linear,0.801,0.864,4,0.844,11,6to Primaria,8,13.52,0.6,Visual
1279,9,9,2,B,video,9.81,435.31,2,63,skip_and_return,0.792,0.98,4,0.935,13,6to Primaria,9,13.98,6.75,Visual
1280,14,2,2,B,video,17.96,386.09,1,31,skip_and_return,0.762,0.859,5,0.971,15,4to Secundaria,13,43.85,1.94,Visual
1281,7,4,12,B,video,28.81,372.9,3,96,random,0.998,0.792,2,0.763,16,2do Primaria,10,8.03,1.52,Kinestesico
1282,5,12,4,B,video,17.89,530.22,3,85,back_and_forth,0.762,0.865,4,0.722,11,2do Secundaria,11,15.84,1.39,Auditivo
1283,4,11,7,C,video,28.11,305.4,2,86,back_and_forth,0.694,0.948,5,0.71,10,2do Secundaria,12,36.79,5.02,Auditivo
1284,6,9,7,D,audio,14.15,529.48,4,46,linear,0.842,0.846,0,0.895,10,3ro Primaria,3,7.82,2.14,Auditivo
1285,2,10,5,D,audio,31.18,459.59,2,54,back_and_forth,0.621,0.801,0,0.846,13,3ro Primaria,1,11.53,3.74,Auditivo
1286,9,6,3,A,video,21.04,309.24,2,25,skip_and_return,0.699,0.865,5,0.954,13,3ro Primaria,5,38.03,3.45,Visual
1287,3,4,11,B,video,35.98,401.94,3,115,random,0.798,0.726,0,0.605,16,4to Secundaria,12,37.41,3.83,Kinestesico
1288,5,7,11,D,exercise,26.6,456.04,7,90,back_and_forth,0.834,0.748,2,0.624,11,4to Secundaria,10,19.87,1.4,Kinestesico
1289,6,2,9,A,exercise,27.46,593.66,6,83,skip_and_return,0.977,0.932,5,0.56,11,5to Secundaria,6,9.57,1.68,Kinestesico
1290,12,5,3,B,image,9.12,174.83,1,63,linear,0.587,0.803,0,0.804,14,4to Secundaria,1,14.54,5.86,Visual
1291,9,6,7,B,image,9.63,335.01,0,63,linear,0.576,0.835,1,0.758,12,3ro Secundaria,3,17.81,2.38,Visual
1292,11,4,3,C,image,16.0,192.42,0,45,linear,0.769,0.898,0,0.948,16,5to Secundaria,11,33.34,2.65,Visual
1293,6,13,5,B,text,28.54,463.64,1,68,back_and_forth,0.67,0.966,2,0.912,15,3ro Secundaria,11,32.83,1.49,Auditivo
1294,12,7,7,B,text,19.73,372.34,0,29,skip_and_return,0.592,0.921,0,0.725,10,3ro Primaria,13,29.28,1.88,Visual
1295,5,10,2,D,audio,18.71,473.07,2,54,back_and_forth,0.931,0.769,0,0.86,12,2do Secundaria,7,33.65,0.71,Auditivo
1296,5,3,9,B,exercise,22.63,463.47,7,98,random,0.706,0.794,2,0.81,17,2do Secundaria,10,15.42,5.99,Kinestesico
1297,11,3,3,B,text,18.13,247.23,0,42,skip_and_return,0.809,0.941,1,0.973,13,5to Secundaria,11,16.18,4.81,Visual
1298,2,7,12,B,video,39.42,560.39,6,86,back_and_forth,0.94,0.947,0,0.813,14,1ro Primaria,14,20.85,5.7,Kinestesico
1299,10,5,3,A,image,21.93,268.79,1,64,linear,0.717,0.948,1,0.736,11,5to Secundaria,14,35.17,1.35,Visual
1300,5,7,13,A,image,22.53,750.19,3,71,back_and_forth,0.974,0.722,0,0.712,14,1ro Primaria,9,12.49,3.64,Kinestesico
1301,6,12,5,B,video,23.11,600.86,4,62,back_and_forth,0.67,0.77,3,0.746,11,1ro Secundaria,13,23.27,6.02,Auditivo
1302,6,2,9,A,exercise,39.58,437.65,5,68,back_and_forth,0.777,0.708,4,0.668,14,4to Secundaria,4,32.54,2.59,Kinestesico
1303,10,5,2,C,image,14.37,385.6,1,49,skip_and_return,0.683,0.902,1,0.766,15,2do Primaria,10,36.61,1.4,Visual
1304,6,11,7,D,audio,23.05,405.84,2,66,linear,0.741,0.755,1,0.812,13,1ro Secundaria,12,13.64,5.43,Auditivo
1305,9,2,7,C,image,43.8,731.13,3,73,random,0.763,0.859,3,0.533,15,2do Secundaria,5,11.46,4.52,Kinestesico
1306,14,4,3,A,image,15.41,278.03,2,43,linear,0.583,0.822,2,0.927,11,3ro Primaria,13,26.06,3.83,Visual
1307,14,6,2,D,text,14.26,251.41,0,41,linear,0.635,0.884,0,0.872,10,3ro Secundaria,9,21.52,1.47,Visual
1308,14,3,6,D,video,21.02,155.93,2,50,linear,0.865,0.885,4,0.783,15,6to Primaria,3,41.09,3.72,Visual
1309,13,2,2,A,video,14.11,156.16,1,39,linear,0.849,0.838,4,0.71,17,1ro Primaria,4,13.46,4.58,Visual
1310,3,13,3,D,video,27.03,488.62,1,71,linear,0.928,0.819,3,0.648,15,5to Primaria,1,14.14,4.34,Auditivo
1311,2,12,4,B,video,22.6,257.66,2,88,linear,0.753,0.757,5,0.605,15,5to Secundaria,12,15.34,6.75,Auditivo
1312,6,6,11,D,exercise,24.57,435.08,5,94,skip_and_return,0.943,0.984,0,0.573,10,5to Secundaria,8,25.71,5.68,Kinestesico
1313,2,3,14,C,video,28.65,910.94,4,83,back_and_forth,0.979,0.809,0,0.58,12,4to Primaria,7,26.35,6.88,Kinestesico
1314,4,10,6,A,audio,26.13,455.51,1,92,back_and_forth,0.773,0.794,4,0.841,14,4to Primaria,4,18.31,6.77,Auditivo
1315,2,2,11,A,image,44.29,385.76,5,89,random,0.95,0.902,2,0.57,13,2do Secundaria,9,43.14,5.42,Kinestesico
1316,9,6,2,A,video,15.83,428.42,0,36,linear,0.846,0.802,3,0.722,11,1ro Secundaria,7,22.44,4.47,Visual
1317,10,3,5,A,video,18.61,250.37,1,53,skip_and_return,0.847,0.847,4,0.842,12,5to Secundaria,6,34.96,2.23,Visual
1318,9,7,3,C,image,13.15,409.13,1,49,linear,0.694,0.899,0,0.762,10,5to Primaria,10,33.48,1.96,Visual
1319,14,4,3,B,image,17.94,278.9,1,64,linear,0.768,0.96,0,0.752,13,6to Primaria,5,8.62,6.12,Visual
1320,10,3,6,D,text,9.94,469.07,0,48,skip_and_return,0.734,0.891,0,0.987,16,5to Primaria,3,31.19,5.58,Visual
1321,10,5,2,C,image,10.46,301.25,1,22,linear,0.882,0.93,4,0.973,15,1ro Primaria,2,37.97,3.54,Visual
1322,2,9,2,B,audio,20.78,311.36,2,90,back_and_forth,0.766,0.801,0,0.817,17,2do Primaria,7,7.8,2.21,Auditivo
1323,10,6,4,C,image,12.88,418.82,1,27,linear,0.788,0.871,3,0.77,15,6to Primaria,12,41.8,4.69,Visual
1324,13,5,2,D,image,20.22,383.82,0,42,linear,0.591,0.818,1,0.709,14,3ro Secundaria,7,40.18,0.79,Visual
1325,2,9,2,A,video,16.9,416.66,1,92,linear,0.625,0.917,4,0.867,13,6to Primaria,5,26.11,1.18,Auditivo
1326,12,5,3,D,video,14.62,389.49,1,47,linear,0.852,0.992,5,0.764,16,2do Secundaria,14,32.72,2.41,Visual
1327,12,6,7,B,image,21.5,160.36,2,24,linear,0.66,0.842,4,0.739,15,3ro Primaria,3,19.89,2.94,Visual
1328,2,13,6,A,text,15.57,250.42,3,79,back_and_forth,0.914,0.779,2,0.619,16,4to Primaria,9,40.58,1.03,Auditivo
1329,3,11,6,B,text,26.75,482.49,3,57,linear,0.777,0.939,0,0.76,10,2do Primaria,8,23.62,6.77,Auditivo
1330,6,7,13,A,video,39.68,767.18,6,119,skip_and_return,0.955,0.798,2,0.683,16,4to Primaria,6,36.52,2.67,Kinestesico
1331,5,11,7,C,audio,14.75,493.14,3,70,linear,0.834,0.973,2,0.603,14,2do Primaria,2,36.1,6.3,Auditivo
1332,9,7,5,A,text,13.29,477.73,0,33,skip_and_return,0.634,0.806,4,0.997,16,1ro Primaria,1,12.5,5.18,Visual
1333,4,13,2,B,video,30.17,660.95,4,86,back_and_forth,0.731,0.932,5,0.75,17,1ro Secundaria,5,11.37,5.75,Auditivo
1334,2,9,7,D,audio,19.93,478.93,1,58,linear,0.624,0.965,4,0.706,14,6to Primaria,2,8.82,2.2,Auditivo
1335,4,3,11,B,exercise,38.32,649.09,4,80,back_and_forth,0.99,0.973,0,0.757,14,2do Primaria,11,18.21,1.76,Kinestesico
1336,9,4,8,B,video,34.56,447.29,7,74,back_and_forth,0.832,0.774,0,0.622,13,5to Secundaria,4,29.04,0.83,Kinestesico
1337,9,3,4,C,text,16.03,303.08,0,43,skip_and_return,0.794,0.898,3,0.803,17,3ro Secundaria,13,5.34,3.07,Visual
1338,11,6,3,B,image,8.78,424.43,2,39,linear,0.565,0.854,5,0.802,15,5to Primaria,13,41.51,2.2,Visual
1339,4,13,3,A,video,20.38,520.11,3,53,back_and_forth,0.948,0.78,5,0.672,17,2do Primaria,14,5.28,2.21,Auditivo
1340,6,7,13,A,video,23.03,369.38,6,95,skip_and_return,0.864,0.95,3,0.76,10,1ro Secundaria,1,5.04,4.03,Kinestesico
1341,6,9,3,D,audio,26.97,445.72,1,59,back_and_forth,0.762,0.863,1,0.761,14,4to Primaria,11,28.78,3.62,Auditivo
1342,3,11,4,C,audio,30.51,692.38,1,59,back_and_forth,0.688,0.851,2,0.756,11,2do Secundaria,8,9.5,3.51,Auditivo
1343,6,11,2,D,video,20.46,319.03,3,57,linear,0.826,0.86,5,0.826,13,5to Secundaria,7,16.45,3.61,Auditivo
1344,3,5,12,C,exercise,36.66,552.19,3,95,random,0.789,0.747,0,0.678,17,4to Primaria,3,19.22,6.21,Kinestesico
1345,2,9,7,B,audio,20.72,336.71,4,62,linear,0.74,0.954,4,0.851,15,2do Primaria,12,43.2,3.17,Auditivo
1346,13,4,2,A,image,16.89,333.13,2,58,skip_and_return,0.872,0.928,0,0.712,15,6to Primaria,1,43.95,4.75,Visual
1347,13,7,5,B,video,12.4,407.35,2,30,linear,0.554,0.801,1,0.721,14,1ro Secundaria,2,31.86,2.92,Visual
1348,13,3,6,A,video,12.84,322.83,0,52,linear,0.832,0.809,2,0.786,16,2do Secundaria,1,20.91,3.04,Visual
1349,7,4,14,A,exercise,19.95,634.6,4,107,random,0.907,0.883,4,0.699,16,6to Primaria,9,40.6,6.44,Kinestesico
1350,10,6,6,C,image,16.27,248.05,0,38,skip_and_return,0.699,0.954,3,0.987,16,3ro Secundaria,9,5.99,2.25,Visual
1351,2,12,7,B,video,23.43,301.24,4,60,back_and_forth,0.812,0.775,2,0.803,11,4to Primaria,14,6.0,1.12,Auditivo
1352,2,2,11,D,exercise,26.11,471.79,6,92,skip_and_return,0.944,0.817,5,0.545,16,5to Primaria,11,28.74,4.82,Kinestesico
1353,10,3,2,D,image,16.72,430.16,1,32,linear,0.681,0.812,4,0.745,13,2do Secundaria,5,14.17,2.48,Visual
1354,7,11,2,A,text,19.92,629.99,1,53,back_and_forth,0.63,0.853,5,0.848,17,4to Primaria,13,26.01,5.5,Auditivo
1355,9,7,2,C,image,16.07,220.41,0,50,skip_and_return,0.736,0.891,2,0.794,12,3ro Secundaria,6,40.93,4.54,Visual
1356,10,5,5,C,image,19.64,273.01,1,43,skip_and_return,0.624,0.891,3,0.82,11,4to Secundaria,5,27.83,3.05,Visual
1357,10,7,5,C,video,17.99,372.24,0,48,skip_and_return,0.728,0.948,3,0.957,10,2do Secundaria,4,17.67,6.39,Visual
1358,13,4,2,C,image,9.91,301.5,2,33,linear,0.651,0.91,4,0.973,13,2do Secundaria,11,29.69,6.71,Visual
1359,3,2,14,C,exercise,43.83,874.88,6,72,back_and_forth,0.716,0.96,3,0.595,14,4to Secundaria,6,41.34,3.08,Kinestesico
1360,10,7,7,D,video,8.57,147.46,0,26,linear,0.877,0.897,5,0.987,14,1ro Secundaria,9,15.9,5.27,Visual
1361,5,11,4,D,audio,18.51,446.8,2,99,linear,0.785,0.95,4,0.895,11,4to Primaria,13,31.09,5.52,Auditivo
1362,12,4,7,D,video,18.83,169.57,0,22,linear,0.616,0.943,4,0.726,16,5to Primaria,6,16.34,0.69,Visual
1363,4,10,5,D,audio,17.51,283.07,2,85,linear,0.782,0.864,3,0.831,11,2do Primaria,8,43.23,3.54,Auditivo
1364,12,3,2,C,image,15.31,317.44,0,40,linear,0.597,0.993,5,0.792,15,5to Primaria,2,8.77,3.32,Visual
1365,7,6,10,B,image,27.13,902.78,7,99,random,0.999,0.904,2,0.613,15,5to Primaria,6,8.5,3.3,Kinestesico
1366,12,2,5,C,image,16.77,376.11,1,31,linear,0.804,0.945,2,0.71,13,2do Secundaria,5,14.36,6.62,Visual
1367,9,5,3,A,image,14.16,199.53,2,60,skip_and_return,0.773,0.951,4,0.923,17,1ro Secundaria,3,33.53,3.97,Visual
1368,7,14,6,C,audio,28.56,635.63,3,85,linear,0.829,0.983,2,0.665,10,2do Secundaria,7,29.48,0.96,Auditivo
1369,5,5,9,A,image,18.24,862.94,6,101,random,0.766,0.794,3,0.672,12,3ro Primaria,7,28.06,3.84,Kinestesico
1370,9,2,4,B,image,18.43,181.01,0,39,skip_and_return,0.795,0.968,1,0.97,12,6to Primaria,9,20.96,3.27,Visual
1371,9,5,7,D,video,9.74,447.34,1,50,linear,0.848,0.811,3,0.734,13,6to Primaria,7,20.16,4.13,Visual
1372,14,3,3,A,image,8.14,382.1,1,39,linear,0.74,0.821,2,0.724,14,4to Primaria,7,40.18,5.31,Visual
1373,5,11,2,B,audio,27.22,636.48,2,79,back_and_forth,0.845,0.778,2,0.859,15,1ro Primaria,13,18.83,2.19,Auditivo
1374,10,5,6,A,text,21.72,277.44,1,38,linear,0.752,0.917,5,0.784,13,5to Primaria,11,28.06,2.89,Visual
1375,6,5,9,A,video,26.95,647.7,4,106,skip_and_return,0.863,0.916,1,0.711,11,3ro Secundaria,6,21.8,5.07,Kinestesico
1376,7,6,6,A,image,9.51,189.92,2,40,skip_and_return,0.82,0.998,3,0.872,17,1ro Primaria,11,30.0,2.24,Visual
1377,4,3,12,A,exercise,31.53,731.94,4,102,back_and_forth,0.731,0.826,3,0.655,16,4to Primaria,14,33.92,2.43,Kinestesico
1378,13,3,4,C,image,21.65,262.36,2,55,skip_and_return,0.724,0.803,0,0.75,12,4to Primaria,3,18.19,4.38,Visual
1379,5,2,10,C,exercise,27.02,420.23,5,95,back_and_forth,0.721,0.8,1,0.62,17,5to Primaria,13,16.0,0.86,Kinestesico
1380,11,2,3,A,video,14.15,181.96,0,36,linear,0.878,0.901,3,0.721,12,6to Primaria,5,8.02,5.73,Visual
1381,6,9,4,D,video,24.07,371.37,4,98,back_and_forth,0.829,0.93,3,0.76,17,4to Primaria,7,44.05,3.48,Auditivo
1382,6,7,8,B,exercise,24.95,832.53,7,110,random,0.818,0.906,0,0.615,13,4to Secundaria,2,24.77,2.29,Kinestesico
1383,12,4,3,C,image,10.04,308.08,0,37,skip_and_return,0.855,0.97,2,0.839,12,4to Primaria,10,13.52,1.75,Visual
1384,10,6,2,A,image,14.78,475.71,2,21,skip_and_return,0.625,0.869,4,0.85,17,5to Primaria,1,36.35,6.36,Visual
1385,9,5,6,B,image,9.1,196.65,0,38,skip_and_return,0.642,0.846,0,0.75,12,3ro Secundaria,1,7.61,6.53,Visual
1386,4,3,10,C,video,32.33,676.12,6,109,skip_and_return,0.752,0.79,4,0.533,11,1ro Secundaria,10,38.2,1.89,Kinestesico
1387,14,2,5,B,video,8.12,241.24,0,23,skip_and_return,0.684,0.842,5,0.916,15,4to Primaria,2,8.83,4.41,Visual
1388,9,9,3,D,text,16.38,217.83,2,31,linear,0.668,0.846,0,0.963,14,1ro Primaria,5,8.37,4.39,Visual
1389,14,7,7,C,video,11.56,393.53,1,46,skip_and_return,0.827,0.83,0,0.704,11,1ro Primaria,5,27.61,2.98,Visual
1390,11,3,2,B,image,15.1,290.65,0,50,skip_and_return,0.679,0.804,2,0.879,15,3ro Secundaria,14,32.88,5.57,Visual
1391,5,5,11,B,exercise,38.1,707.02,4,75,random,0.812,0.736,2,0.82,17,6to Primaria,1,26.01,1.56,Kinestesico
1392,6,12,3,B,audio,29.46,389.95,4,75,back_and_forth,0.685,0.795,0,0.708,14,1ro Secundaria,13,24.68,5.14,Auditivo
1393,7,12,4,B,audio,29.47,355.55,2,75,back_and_forth,0.933,0.778,4,0.818,13,4to Secundaria,10,27.2,3.17,Auditivo
1394,12,7,7,D,video,20.32,165.83,1,64,skip_and_return,0.864,0.981,1,0.729,16,2do Secundaria,13,42.17,2.33,Visual
1395,5,4,13,D,image,21.02,357.15,3,112,skip_and_return,0.905,0.812,0,0.645,12,2do Secundaria,8,29.26,2.6,Kinestesico
1396,13,4,4,B,image,11.14,475.51,2,38,skip_and_return,0.863,0.814,4,0.906,11,3ro Primaria,14,19.16,6.27,Visual
1397,13,5,7,B,video,21.04,467.83,1,30,linear,0.897,0.915,5,0.851,15,5to Primaria,3,10.33,2.11,Visual
1398,2,11,3,D,audio,21.07,407.99,4,48,back_and_forth,0.619,0.923,1,0.744,14,1ro Secundaria,2,29.3,6.46,Auditivo
1399,3,14,4,B,audio,20.81,293.95,3,75,back_and_forth,0.662,0.885,3,0.709,10,1ro Secundaria,7,25.88,6.18,Auditivo
1400,7,13,5,A,video,25.93,604.66,1,62,linear,0.794,0.928,1,0.695,15,6to Primaria,9,33.86,1.95,Auditivo
1401,3,5,10,C,exercise,44.69,596.3,3,75,random,0.743,0.888,0,0.553,15,4to Secundaria,12,13.09,1.18,Kinestesico
1402,2,9,2,D,text,22.38,532.8,2,85,linear,0.908,0.971,3,0.64,14,2do Secundaria,14,11.94,2.52,Auditivo
1403,7,2,14,A,exercise,31.6,824.61,3,75,random,0.969,0.818,4,0.741,12,2do Primaria,7,25.76,0.53,Kinestesico
1404,11,4,5,C,video,21.72,366.69,0,64,linear,0.874,0.895,0,0.841,10,2do Secundaria,6,16.9,6.09,Visual
1405,13,3,5,B,video,21.62,389.87,0,53,skip_and_return,0.614,0.962,3,0.74,17,3ro Primaria,5,6.69,4.64,Visual
1406,3,14,7,D,video,20.37,256.99,4,98,back_and_forth,0.843,0.797,2,0.612,15,6to Primaria,7,18.79,2.75,Auditivo
1407,2,4,14,C,exercise,19.61,377.51,3,92,random,0.731,0.713,0,0.718,12,2do Primaria,11,41.02,5.9,Kinestesico
1408,2,9,5,C,audio,30.44,477.89,4,75,back_and_forth,0.737,0.773,2,0.687,15,3ro Primaria,4,13.63,2.49,Auditivo
1409,14,2,5,A,image,14.63,335.57,2,58,linear,0.631,0.94,5,0.851,15,1ro Primaria,8,34.3,5.38,Visual
1410,6,13,5,B,video,18.52,374.81,1,85,back_and_forth,0.927,0.888,5,0.874,10,3ro Primaria,4,31.65,5.6,Auditivo
1411,6,5,11,A,exercise,44.15,437.61,5,80,skip_and_return,0.837,0.976,1,0.59,17,2do Primaria,2,25.88,3.26,Kinestesico
1412,3,11,6,A,text,16.19,696.35,3,90,back_and_forth,0.657,0.948,5,0.645,13,4to Secundaria,11,14.06,2.38,Auditivo
1413,5,12,6,D,audio,14.6,525.72,3,49,linear,0.781,0.985,5,0.664,17,2do Primaria,6,41.18,6.04,Auditivo
1414,13,4,7,D,image,20.09,361.8,0,35,linear,0.564,0.912,3,0.866,15,5to Secundaria,2,41.59,4.21,Visual
1415,14,7,4,A,video,14.71,449.59,1,25,linear,0.697,0.856,5,0.755,14,4to Secundaria,2,36.55,5.59,Visual
1416,10,6,3,C,image,11.23,382.18,1,57,skip_and_return,0.759,0.825,5,0.796,11,4to Secundaria,2,28.31,6.36,Visual
1417,7,4,13,C,exercise,31.48,736.96,5,110,back_and_forth,0.912,0.721,5,0.631,17,2do Secundaria,10,8.11,5.76,Kinestesico
1418,4,7,8,B,audio,18.94,407.87,1,80,linear,0.882,0.799,3,0.918,13,2do Secundaria,7,18.57,4.5,Auditivo
1419,6,12,6,B,audio,31.98,368.03,4,49,linear,0.887,0.949,2,0.636,12,1ro Secundaria,11,18.7,1.8,Auditivo
1420,14,5,5,A,text,9.62,176.34,2,62,linear,0.607,0.863,1,0.787,13,4to Primaria,8,23.9,6.13,Visual
1421,7,9,3,A,image,9.22,309.7,2,58,linear,0.824,0.838,5,0.783,13,5to Secundaria,12,34.85,4.3,Visual
1422,10,5,3,C,text,19.66,298.5,2,30,skip_and_return,0.7,0.844,5,0.831,12,3ro Primaria,9,39.93,3.29,Visual
1423,4,5,13,D,video,27.8,830.04,5,100,random,0.944,0.848,2,0.705,16,5to Primaria,14,40.19,3.3,Kinestesico
1424,2,13,7,D,video,26.96,425.9,3,96,linear,0.846,0.862,0,0.87,12,4to Secundaria,1,26.65,2.58,Auditivo
1425,4,11,6,D,video,25.91,388.35,2,82,linear,0.657,0.816,4,0.657,15,5to Primaria,7,35.58,3.94,Auditivo
1426,5,9,6,C,video,19.15,454.38,1,50,back_and_forth,0.757,0.772,3,0.857,17,1ro Primaria,5,8.67,3.17,Auditivo
1427,3,4,11,D,video,24.46,915.87,7,119,back_and_forth,0.8,0.857,2,0.771,17,5to Secundaria,9,27.45,1.92,Kinestesico
1428,9,3,7,D,image,12.71,457.81,2,35,skip_and_return,0.662,0.81,5,0.988,14,3ro Primaria,5,37.45,3.88,Visual
1429,3,5,11,D,image,32.02,493.26,6,102,random,0.844,0.912,3,0.694,11,3ro Secundaria,13,43.65,5.25,Kinestesico
1430,3,11,7,C,audio,29.59,313.39,4,47,back_and_forth,0.8,0.971,0,0.731,15,4to Primaria,11,6.97,4.46,Auditivo
1431,5,12,5,B,audio,19.58,521.13,4,82,back_and_forth,0.85,0.774,5,0.854,14,6to Primaria,3,7.76,5.89,Auditivo
1432,2,13,2,C,audio,15.78,585.43,4,69,back_and_forth,0.828,0.877,0,0.855,17,5to Primaria,14,31.14,4.42,Auditivo
1433,4,10,7,D,audio,16.24,636.5,3,48,back_and_forth,0.673,0.859,3,0.828,17,5to Primaria,11,13.52,5.19,Auditivo
1434,6,11,3,B,text,20.76,395.81,2,65,back_and_forth,0.601,0.761,0,0.823,17,2do Secundaria,5,35.14,5.61,Auditivo
1435,14,6,2,D,image,11.84,397.61,1,43,skip_and_return,0.753,0.842,4,0.783,15,2do Primaria,11,10.63,3.55,Visual
1436,14,5,7,A,video,19.87,373.48,0,32,linear,0.646,0.956,0,0.836,11,4to Secundaria,10,10.28,5.2,Visual
1437,4,2,11,D,image,38.29,849.45,5,114,random,0.981,0.923,3,0.522,12,3ro Secundaria,3,8.91,0.74,Kinestesico
1438,4,2,13,D,image,28.65,438.51,6,74,skip_and_return,0.736,0.816,3,0.755,11,3ro Primaria,10,34.06,2.64,Kinestesico
1439,3,4,10,B,exercise,26.65,707.81,3,98,random,0.893,0.886,1,0.544,14,2do Primaria,7,18.92,4.28,Kinestesico
1440,5,10,2,D,audio,15.15,683.3,1,86,linear,0.741,0.786,4,0.849,11,6to Primaria,14,16.74,3.72,Auditivo
1441,12,6,4,C,video,8.1,430.65,0,49,linear,0.625,0.912,5,0.994,16,3ro Primaria,7,38.88,1.28,Visual
1442,5,13,5,A,audio,15.21,501.66,4,84,linear,0.672,0.974,4,0.695,16,2do Secundaria,2,11.21,5.42,Auditivo
1443,2,13,5,D,video,21.94,558.56,4,47,back_and_forth,0.776,0.897,0,0.772,13,4to Primaria,7,28.68,0.85,Auditivo
1444,5,2,12,D,exercise,23.85,451.22,6,73,random,0.73,0.739,4,0.519,16,3ro Primaria,12,18.97,2.83,Kinestesico
1445,6,9,6,B,video,17.1,513.7,3,80,back_and_forth,0.663,0.944,5,0.815,17,4to Secundaria,10,42.61,6.73,Auditivo
1446,5,12,2,A,video,28.42,382.74,4,55,linear,0.776,0.996,4,0.917,17,2do Primaria,4,38.95,3.17,Auditivo
1447,9,7,7,D,image,18.59,421.25,1,51,linear,0.642,0.976,5,0.984,13,1ro Secundaria,1,8.2,6.02,Visual
1448,9,2,7,A,video,10.94,355.44,1,53,skip_and_return,0.865,0.84,1,0.829,13,4to Primaria,5,19.38,6.64,Visual
1449,11,5,4,D,image,8.21,371.88,2,37,linear,0.898,0.952,1,0.705,12,5to Primaria,2,14.7,5.59,Visual
1450,4,9,9,D,video,14.01,525.25,4,72,linear,0.733,0.964,3,0.733,16,2do Secundaria,1,26.88,0.52,Auditivo
1451,6,5,9,C,video,44.12,667.03,3,72,back_and_forth,0.857,0.852,1,0.639,17,3ro Secundaria,10,21.13,2.14,Kinestesico
1452,9,6,4,D,image,18.58,347.27,1,35,linear,0.735,0.948,4,0.873,17,6to Primaria,8,5.09,6.86,Visual
1453,4,12,3,B,video,19.57,678.45,3,53,back_and_forth,0.946,0.98,4,0.857,15,5to Primaria,5,22.57,2.3,Auditivo
1454,12,5,3,A,image,18.79,324.52,1,43,linear,0.615,0.955,2,0.96,10,4to Secundaria,5,12.85,6.01,Visual
1455,4,12,3,A,audio,28.82,634.98,1,96,linear,0.841,0.831,5,0.641,10,6to Primaria,14,26.46,5.5,Auditivo
1456,5,12,5,C,audio,20.5,447.14,3,58,back_and_forth,0.935,0.948,4,0.692,15,2do Secundaria,11,40.41,4.67,Auditivo
1457,2,13,3,D,text,22.28,478.63,1,78,back_and_forth,0.943,0.95,0,0.89,10,1ro Primaria,4,15.62,2.95,Auditivo
1458,10,3,2,B,text,16.0,399.57,1,34,skip_and_return,0.896,0.836,1,0.995,15,3ro Primaria,5,32.71,6.74,Visual
1459,5,12,4,A,text,25.09,521.52,4,69,back_and_forth,0.756,0.772,3,0.702,16,1ro Primaria,1,44.49,0.67,Auditivo
1460,10,2,6,D,image,19.13,185.26,2,59,linear,0.552,0.828,2,0.882,11,4to Secundaria,12,13.23,0.96,Visual
1461,9,4,2,A,text,16.87,279.95,0,27,linear,0.678,0.877,4,0.849,17,5to Primaria,13,14.32,4.86,Visual
1462,11,7,5,B,text,9.23,459.25,1,54,skip_and_return,0.831,0.874,5,0.832,12,1ro Secundaria,13,20.04,5.02,Visual
1463,9,2,6,D,image,12.29,407.29,0,21,linear,0.624,0.949,4,0.903,12,5to Primaria,5,18.62,0.82,Visual
1464,5,12,6,A,audio,31.13,414.65,2,47,linear,0.91,0.89,5,0.607,12,1ro Secundaria,2,6.19,5.47,Auditivo
1465,14,2,5,B,image,11.94,332.4,0,58,skip_and_return,0.644,0.94,4,0.813,15,1ro Secundaria,13,40.09,6.24,Visual
1466,7,2,14,D,exercise,39.61,896.01,4,84,skip_and_return,0.924,0.804,5,0.745,13,6to Primaria,2,7.29,1.28,Kinestesico
1467,5,9,3,C,audio,24.69,669.8,2,67,linear,0.659,0.947,3,0.724,16,5to Secundaria,11,25.23,5.28,Auditivo
1468,8,7,4,C,video,19.55,233.87,1,31,skip_and_return,0.811,0.994,1,0.843,12,5to Primaria,11,41.42,2.25,Visual
1469,5,10,4,B,text,18.57,564.69,4,90,back_and_forth,0.937,0.949,2,0.895,11,6to Primaria,6,39.55,2.34,Auditivo
1470,4,7,11,C,video,30.47,519.56,3,87,random,0.759,0.722,1,0.809,15,5to Secundaria,3,11.44,5.28,Kinestesico
1471,5,7,14,D,exercise,21.57,417.32,3,111,skip_and_return,0.987,0.769,5,0.537,10,4to Primaria,12,21.41,6.01,Kinestesico
1472,6,2,10,B,exercise,35.3,831.17,5,83,back_and_forth,0.815,0.976,3,0.639,12,5to Secundaria,6,38.05,2.24,Kinestesico
1473,12,2,4,D,image,17.34,285.45,2,23,linear,0.86,0.867,4,0.953,10,3ro Primaria,9,25.86,5.42,Visual
1474,7,14,5,C,text,18.42,292.61,1,83,linear,0.745,0.913,1,0.856,17,2do Primaria,10,21.53,2.02,Auditivo
1475,4,3,14,C,exercise,29.56,499.69,5,105,back_and_forth,0.734,0.954,3,0.568,16,1ro Secundaria,11,27.13,3.1,Kinestesico
1476,9,5,3,A,text,15.39,362.1,0,43,linear,0.762,0.88,5,0.793,13,1ro Secundaria,13,13.93,1.64,Visual
1477,4,9,7,B,audio,16.16,354.16,3,92,back_and_forth,0.764,0.874,4,0.705,14,4to Primaria,7,6.7,2.36,Auditivo
1478,6,4,12,C,video,40.12,367.41,3,117,skip_and_return,0.912,0.89,2,0.816,11,5to Primaria,7,14.56,3.47,Kinestesico
1479,3,6,14,B,exercise,22.21,718.09,3,69,random,0.832,0.775,0,0.707,15,3ro Primaria,3,43.29,5.41,Kinestesico
1480,2,3,11,C,exercise,19.73,754.2,5,76,back_and_forth,0.802,0.741,2,0.75,17,5to Secundaria,8,6.17,6.71,Kinestesico
1481,3,6,14,A,exercise,44.36,909.95,6,115,skip_and_return,0.942,0.958,1,0.773,14,5to Secundaria,4,7.38,3.3,Kinestesico
1482,2,9,5,C,video,24.84,528.72,3,70,back_and_forth,0.767,0.976,1,0.83,13,2do Secundaria,9,41.55,2.12,Auditivo
1483,5,13,4,D,video,18.6,485.96,3,76,back_and_forth,0.674,0.77,0,0.647,11,5to Primaria,7,12.52,3.86,Auditivo
1484,12,7,2,B,image,15.11,269.98,2,60,linear,0.821,0.821,2,0.736,11,3ro Secundaria,7,33.47,2.7,Visual
1485,10,2,6,C,image,13.45,146.09,0,23,linear,0.8,0.84,2,0.916,11,1ro Secundaria,5,28.31,3.64,Visual
1486,7,13,6,B,text,23.18,594.88,1,81,linear,0.737,0.812,5,0.864,13,1ro Primaria,3,11.69,2.81,Auditivo
1487,6,9,2,B,audio,30.4,504.59,3,71,linear,0.69,0.917,1,0.66,15,1ro Primaria,1,42.17,4.36,Auditivo
1488,2,13,4,D,audio,16.89,629.25,1,67,back_and_forth,0.85,0.934,4,0.769,16,3ro Primaria,1,12.31,6.45,Auditivo
1489,4,3,10,C,exercise,21.48,558.29,5,66,back_and_forth,0.823,0.905,1,0.526,14,3ro Secundaria,8,30.59,2.38,Kinestesico
1490,5,4,11,C,exercise,21.43,745.87,6,110,random,0.779,0.764,1,0.811,15,3ro Primaria,1,37.67,1.42,Kinestesico
1491,7,2,10,A,exercise,44.82,426.82,3,96,back_and_forth,0.961,0.779,5,0.622,12,2do Secundaria,10,16.13,0.74,Kinestesico
1492,9,7,5,A,image,16.03,371.3,2,54,linear,0.638,0.93,1,0.932,13,6to Primaria,2,27.79,6.07,Visual
1493,9,4,5,D,video,8.83,223.18,2,24,linear,0.736,0.909,2,0.924,16,2do Secundaria,3,43.6,6.15,Visual
1494,7,5,10,C,video,38.59,440.41,3,114,back_and_forth,0.934,0.911,2,0.788,13,4to Secundaria,4,42.71,3.12,Kinestesico
1495,10,2,2,B,text,12.78,288.54,2,43,linear,0.723,0.974,5,0.823,12,1ro Primaria,7,26.24,4.04,Visual
1496,5,9,4,D,audio,28.88,578.05,3,71,back_and_forth,0.901,0.824,0,0.775,10,6to Primaria,5,18.46,5.83,Auditivo
1497,14,4,5,A,text,20.05,201.71,2,31,skip_and_return,0.667,0.886,1,0.707,14,6to Primaria,5,30.61,1.62,Visual
1498,12,4,3,B,video,9.28,369.01,0,23,skip_and_return,0.839,0.959,2,0.907,14,2do Primaria,14,19.88,0.77,Visual
1499,10,7,5,C,image,8.97,470.11,2,37,skip_and_return,0.55,0.975,5,0.744,10,4to Secundaria,14,28.17,4.75,Visual
1500,6,5,13,A,video,27.12,756.29,7,114,back_and_forth,0.795,0.947,1,0.526,15,1ro Primaria,13,36.66,5.68,Kinestesico
1501,7,14,2,C,text,30.22,498.1,4,65,linear,0.904,0.77,3,0.718,11,3ro Secundaria,6,44.2,3.06,Auditivo
1502,7,5,11,D,exercise,33.22,483.33,3,87,back_and_forth,0.835,0.947,2,0.549,11,3ro Primaria,5,37.62,2.17,Kinestesico
1503,6,2,10,B,image,20.5,656.81,4,93,back_and_forth,0.818,0.925,2,0.708,17,4to Secundaria,6,19.72,0.56,Kinestesico
1504,4,3,14,D,exercise,25.63,575.39,3,80,random,0.884,0.775,1,0.702,16,4to Primaria,5,40.44,1.54,Kinestesico
1505,3,13,2,B,audio,14.7,652.67,4,82,linear,0.711,0.905,4,0.812,15,3ro Secundaria,14,19.57,2.79,Auditivo
1506,7,14,7,A,audio,28.86,562.07,2,65,linear,0.788,0.772,1,0.702,15,5to Secundaria,14,30.15,6.6,Auditivo
1507,14,6,6,C,video,13.88,179.46,1,57,linear,0.66,0.883,0,0.791,16,1ro Secundaria,1,28.73,2.65,Visual
1508,11,7,2,C,video,16.21,380.36,1,35,linear,0.74,0.917,2,0.744,11,4to Primaria,14,44.29,3.84,Visual
1509,13,7,4,C,video,19.87,167.66,1,38,linear,0.762,0.828,0,0.861,17,3ro Secundaria,5,12.76,0.73,Visual
1510,10,2,2,A,image,14.97,154.26,0,34,skip_and_return,0.611,0.872,5,0.716,13,4to Primaria,12,38.0,4.82,Visual
1511,6,7,10,C,video,38.6,444.95,3,116,back_and_forth,0.734,0.894,5,0.711,14,4to Primaria,7,33.41,6.81,Kinestesico
1512,7,8,2,D,video,10.72,473.99,2,50,linear,0.724,0.922,5,0.981,11,2do Secundaria,6,35.29,5.73,Visual
1513,3,12,4,B,audio,16.09,596.36,4,51,linear,0.604,0.865,5,0.829,15,2do Primaria,10,41.32,3.85,Auditivo
1514,4,11,7,C,audio,25.01,697.42,4,93,linear,0.731,0.826,4,0.702,12,1ro Primaria,9,12.59,3.07,Auditivo
1515,5,12,4,D,video,19.21,333.3,3,91,linear,0.625,0.991,2,0.888,15,4to Secundaria,4,20.55,6.67,Auditivo
1516,3,9,3,A,text,26.14,445.62,4,89,back_and_forth,0.735,0.937,4,0.667,14,3ro Primaria,5,25.18,0.87,Auditivo
1517,13,7,7,B,image,10.61,145.95,2,23,linear,0.776,0.83,3,0.911,15,3ro Secundaria,10,11.89,3.89,Visual
1518,8,9,2,B,text,10.55,349.36,0,64,linear,0.887,0.958,4,0.984,15,4to Primaria,13,35.29,1.37,Visual
1519,4,14,2,C,audio,19.19,326.26,1,79,back_and_forth,0.744,0.872,0,0.822,12,2do Primaria,4,40.08,5.48,Auditivo
1520,2,14,4,D,audio,30.86,552.96,2,49,back_and_forth,0.621,0.9,1,0.749,10,1ro Secundaria,6,6.89,4.37,Auditivo
1521,9,5,5,A,text,21.26,173.72,1,63,linear,0.888,0.958,2,0.729,16,5to Primaria,10,6.91,3.48,Visual
1522,6,12,4,A,audio,31.32,252.28,3,54,linear,0.698,0.898,0,0.72,17,3ro Secundaria,3,39.58,1.24,Auditivo
1523,4,3,9,D,exercise,28.3,616.99,7,109,random,0.97,0.766,2,0.575,13,2do Secundaria,4,5.22,5.69,Kinestesico
1524,6,9,5,B,audio,16.8,675.9,2,47,linear,0.689,0.977,4,0.758,13,2do Secundaria,11,29.08,2.48,Auditivo
1525,5,10,6,A,video,27.75,361.76,4,68,back_and_forth,0.671,0.946,2,0.734,17,3ro Secundaria,14,43.25,4.7,Auditivo
1526,2,14,4,A,audio,16.78,644.65,4,62,back_and_forth,0.925,0.972,3,0.64,12,4to Secundaria,9,7.15,4.18,Auditivo
1527,13,3,5,A,image,21.7,165.53,0,40,skip_and_return,0.732,0.857,3,0.876,17,6to Primaria,12,36.1,1.78,Visual
1528,3,4,12,D,video,27.6,416.02,6,107,skip_and_return,0.945,0.998,4,0.605,17,5to Primaria,11,30.76,4.0,Kinestesico
1529,2,9,6,B,audio,31.25,464.62,4,63,back_and_forth,0.743,0.863,5,0.724,14,5to Primaria,3,38.51,1.46,Auditivo
1530,2,10,7,B,audio,28.22,368.65,1,83,linear,0.704,0.776,3,0.899,14,2do Primaria,9,18.32,0.97,Auditivo
1531,4,5,12,D,exercise,21.48,680.58,5,89,random,0.761,0.836,2,0.805,17,2do Secundaria,12,32.09,1.17,Kinestesico
1532,9,2,5,C,image,18.54,252.8,0,57,linear,0.579,0.855,3,0.927,15,4to Secundaria,2,9.17,4.0,Visual
1533,3,11,3,C,audio,22.12,292.61,4,72,back_and_forth,0.675,0.76,3,0.696,10,2do Secundaria,10,17.17,2.15,Auditivo
1534,2,11,5,B,text,24.92,319.43,1,58,back_and_forth,0.871,0.88,4,0.774,12,2do Secundaria,1,27.71,2.86,Auditivo
1535,9,6,5,D,image,10.65,365.05,0,36,linear,0.807,0.806,3,0.88,15,5to Primaria,6,42.46,1.74,Visual
1536,2,3,9,D,exercise,42.5,575.46,5,68,random,0.736,0.803,2,0.739,16,2do Primaria,5,36.86,0.71,Kinestesico
1537,10,7,2,B,image,13.44,414.01,1,24,linear,0.801,0.878,2,0.854,13,2do Primaria,11,17.1,3.93,Visual
1538,12,6,5,A,video,20.65,200.92,1,50,linear,0.694,0.857,1,0.717,10,6to Primaria,10,14.97,4.34,Visual
1539,11,2,2,C,text,8.14,154.91,0,46,skip_and_return,0.76,0.85,2,0.927,10,4to Secundaria,4,18.01,0.9,Visual
1540,2,9,5,C,audio,19.65,633.37,2,51,linear,0.765,0.771,4,0.644,10,2do Secundaria,5,28.88,2.7,Auditivo
1541,13,4,3,D,video,21.74,173.04,0,25,linear,0.812,0.914,5,0.909,10,3ro Primaria,8,15.52,1.59,Visual
1542,5,6,10,A,image,34.57,908.26,5,76,skip_and_return,0.812,0.952,1,0.545,16,3ro Primaria,3,9.56,5.72,Kinestesico
1543,10,2,2,A,image,20.47,165.04,0,61,linear,0.648,0.961,1,0.723,15,4to Primaria,2,33.53,6.78,Visual
1544,3,9,5,A,audio,23.04,392.98,3,77,back_and_forth,0.843,0.94,3,0.716,15,3ro Secundaria,5,18.07,4.89,Auditivo
1545,7,9,4,C,video,18.29,623.96,2,48,linear,0.73,0.875,0,0.847,11,3ro Primaria,11,13.2,4.33,Auditivo
1546,2,2,10,A,video,18.21,572.28,5,115,random,0.992,0.997,1,0.695,10,5to Primaria,6,42.2,1.9,Kinestesico
1547,7,10,4,C,audio,31.84,265.26,2,58,linear,0.904,0.969,4,0.752,11,5to Primaria,13,14.89,3.02,Auditivo
1548,2,5,10,A,video,25.72,569.29,7,65,random,0.756,0.984,0,0.773,15,4to Secundaria,4,23.07,4.69,Kinestesico
1549,11,5,2,D,text,17.74,279.39,1,24,linear,0.821,0.938,4,0.92,15,4to Secundaria,3,22.95,4.86,Visual
1550,10,5,2,B,video,20.18,434.56,0,34,linear,0.886,0.86,1,0.967,12,5to Primaria,7,33.09,5.28,Visual
1551,11,5,4,B,video,17.83,193.97,0,22,skip_and_return,0.758,0.917,2,0.739,14,3ro Secundaria,13,8.33,4.79,Visual
1552,12,2,2,C,image,14.15,329.58,2,20,linear,0.57,0.919,3,0.88,17,5to Primaria,8,21.79,1.56,Visual
1553,14,6,2,D,image,8.18,315.23,2,55,skip_and_return,0.715,0.929,0,0.897,16,4to Secundaria,3,21.33,2.63,Visual
1554,12,6,3,D,image,9.16,288.84,0,53,linear,0.863,0.846,0,0.89,15,3ro Secundaria,5,28.91,6.3,Visual
1555,2,10,7,B,text,28.28,657.61,2,56,linear,0.693,0.988,3,0.85,11,5to Secundaria,14,37.65,3.92,Auditivo
1556,5,7,6,D,video,15.09,638.83,2,72,back_and_forth,0.656,0.945,2,0.655,17,2do Primaria,12,14.96,5.27,Auditivo
1557,2,7,9,D,exercise,31.91,829.05,6,100,back_and_forth,0.719,0.714,4,0.586,13,4to Secundaria,12,24.49,1.92,Kinestesico
1558,3,4,11,A,image,44.59,397.01,6,78,random,0.89,0.935,2,0.517,13,2do Secundaria,8,22.91,1.72,Kinestesico
1559,13,4,2,D,image,10.69,328.04,1,29,linear,0.809,0.938,4,0.854,10,5to Primaria,13,35.88,1.47,Visual
1560,7,7,12,A,image,25.64,620.03,4,90,random,0.885,0.768,1,0.707,15,6to Primaria,1,37.85,5.49,Kinestesico
1561,2,11,2,B,video,27.28,258.84,4,52,back_and_forth,0.801,0.999,2,0.863,14,5to Secundaria,6,40.29,6.38,Auditivo
1562,9,3,3,A,text,12.72,436.66,0,62,linear,0.579,0.838,1,0.945,16,3ro Primaria,5,5.05,6.21,Visual
1563,7,13,2,B,audio,27.54,369.97,2,94,back_and_forth,0.896,0.776,5,0.796,16,2do Primaria,8,26.82,6.67,Auditivo
1564,10,2,4,A,video,17.57,200.99,2,25,linear,0.697,0.931,0,0.867,12,2do Primaria,13,32.0,3.34,Visual
1565,5,4,11,B,exercise,24.26,482.5,3,67,random,0.724,0.902,4,0.673,14,1ro Secundaria,7,34.07,6.22,Kinestesico
1566,5,11,3,A,audio,17.07,307.38,1,80,back_and_forth,0.685,0.886,3,0.664,16,2do Secundaria,14,18.64,5.26,Auditivo
1567,3,13,2,B,audio,18.63,376.02,3,72,back_and_forth,0.914,0.966,0,0.904,10,6to Primaria,1,33.26,4.29,Auditivo
1568,4,5,9,D,exercise,43.68,911.47,3,119,back_and_forth,0.86,0.755,2,0.544,10,1ro Secundaria,13,7.92,0.81,Kinestesico
1569,9,2,2,B,image,8.64,437.51,2,50,skip_and_return,0.632,0.85,2,0.744,14,3ro Secundaria,9,39.79,3.04,Visual
1570,10,3,6,C,video,17.75,183.79,0,43,skip_and_return,0.735,0.953,0,0.953,10,2do Secundaria,14,29.18,1.85,Visual
1571,10,4,4,D,video,9.67,274.95,0,55,linear,0.895,0.803,1,0.995,11,2do Primaria,12,16.76,3.57,Visual
1572,10,6,5,A,image,18.57,422.88,2,42,linear,0.807,0.859,2,0.76,12,1ro Primaria,9,38.17,0.56,Visual
1573,5,12,6,C,text,21.59,414.01,1,57,linear,0.729,0.882,4,0.632,10,1ro Primaria,11,5.99,4.09,Auditivo
1574,11,6,5,A,image,10.35,159.67,1,27,skip_and_return,0.849,0.865,5,0.904,16,3ro Primaria,1,43.86,0.58,Visual
1575,7,12,3,C,audio,25.25,557.97,4,83,linear,0.7,0.804,2,0.709,17,5to Secundaria,7,25.34,3.05,Auditivo
1576,4,12,2,B,video,17.81,489.42,2,77,back_and_forth,0.604,0.79,2,0.836,13,3ro Secundaria,3,27.7,4.98,Auditivo
1577,7,10,6,D,text,15.8,525.06,3,89,linear,0.775,0.834,3,0.673,14,2do Primaria,5,29.92,6.71,Auditivo
1578,12,6,7,A,video,8.52,430.24,2,63,linear,0.813,0.865,4,0.842,10,3ro Primaria,5,16.71,1.72,Visual
1579,3,9,5,B,audio,20.68,439.5,2,97,back_and_forth,0.614,0.989,5,0.85,12,5to Secundaria,6,42.71,5.4,Auditivo
1580,13,6,7,B,image,18.04,309.6,0,46,skip_and_return,0.742,0.95,1,0.767,15,1ro Primaria,1,44.96,4.68,Visual
1581,2,14,7,C,text,22.64,498.01,4,83,linear,0.798,0.835,2,0.657,10,2do Secundaria,7,40.27,5.81,Auditivo
1582,9,7,3,B,video,13.35,287.33,2,31,linear,0.705,0.901,1,0.82,14,5to Secundaria,5,16.11,6.43,Visual
1583,9,4,2,D,text,18.2,401.89,1,41,skip_and_return,0.599,0.988,5,0.808,13,2do Secundaria,14,23.37,2.88,Visual
1584,4,13,7,B,video,14.56,355.85,2,46,linear,0.756,0.84,2,0.635,12,1ro Primaria,4,10.48,6.64,Auditivo
1585,5,6,14,A,image,38.0,575.19,4,109,random,0.94,0.862,1,0.524,16,2do Secundaria,4,39.54,1.48,Kinestesico
1586,3,2,14,C,image,33.72,897.97,4,100,skip_and_return,0.942,0.795,0,0.751,11,1ro Secundaria,6,41.69,0.97,Kinestesico
1587,6,10,7,D,audio,17.01,289.0,1,57,back_and_forth,0.849,0.93,0,0.825,17,1ro Primaria,5,14.57,6.94,Auditivo
1588,7,9,5,B,text,17.04,334.97,2,45,skip_and_return,0.663,0.83,3,0.932,13,5to Secundaria,1,20.18,3.57,Visual
1589,14,4,6,C,image,10.49,373.97,2,63,skip_and_return,0.762,0.87,5,0.742,10,4to Primaria,4,39.18,1.28,Visual
1590,5,4,13,D,exercise,37.15,423.6,4,89,skip_and_return,0.781,0.81,1,0.691,11,5to Primaria,11,38.56,4.35,Kinestesico
1591,5,10,7,C,audio,27.06,421.64,4,51,linear,0.607,0.864,2,0.902,11,3ro Secundaria,1,7.52,0.93,Auditivo
1592,5,9,4,B,audio,23.72,323.38,2,98,back_and_forth,0.861,0.918,0,0.635,13,4to Secundaria,7,20.97,3.33,Auditivo
1593,9,7,7,A,video,10.84,231.27,2,44,skip_and_return,0.577,0.926,0,0.969,12,2do Secundaria,10,21.51,5.62,Visual
1594,7,3,9,D,exercise,19.94,801.4,6,90,random,0.898,0.838,3,0.676,15,2do Secundaria,12,5.98,5.0,Kinestesico
1595,6,14,7,B,audio,16.91,684.82,4,75,back_and_forth,0.893,0.845,2,0.854,12,4to Secundaria,14,37.45,1.89,Auditivo
1596,13,7,7,C,image,15.41,468.6,0,51,linear,0.892,0.88,3,0.851,14,3ro Secundaria,11,17.6,0.87,Visual
1597,10,2,7,B,image,14.36,472.01,1,59,linear,0.562,0.875,4,0.835,14,2do Primaria,1,15.56,2.19,Visual
1598,3,7,14,A,exercise,41.44,826.95,5,95,skip_and_return,0.931,0.709,5,0.714,17,5to Primaria,13,24.22,3.87,Kinestesico
1599,7,7,14,A,exercise,40.56,633.12,7,102,back_and_forth,0.964,0.992,2,0.779,14,2do Secundaria,8,28.1,6.64,Kinestesico
1600,2,8,9,C,audio,22.72,495.1,4,68,linear,0.722,0.783,3,0.749,13,2do Primaria,11,18.72,4.07,Auditivo
1601,2,2,13,B,video,22.72,723.88,3,67,random,0.949,0.856,3,0.539,10,4to Primaria,13,14.67,2.43,Kinestesico
1602,7,4,10,A,exercise,22.33,585.85,5,81,back_and_forth,0.86,0.944,5,0.609,12,4to Primaria,11,15.53,0.99,Kinestesico
1603,12,6,7,B,video,18.11,402.01,2,38,linear,0.794,0.826,1,0.789,13,5to Primaria,7,33.48,1.58,Visual
1604,13,6,4,C,text,15.68,162.6,0,22,skip_and_return,0.893,0.883,1,0.964,11,5to Primaria,5,33.94,6.01,Visual
1605,7,9,5,B,text,30.98,250.15,3,66,linear,0.757,0.981,3,0.855,10,5to Primaria,8,24.23,6.98,Auditivo
1606,9,5,6,A,text,11.02,154.26,2,64,linear,0.899,0.954,1,0.922,10,5to Primaria,6,28.16,3.55,Visual
1607,11,3,7,D,image,18.0,420.66,2,38,linear,0.845,0.979,4,0.756,12,5to Secundaria,3,16.47,3.92,Visual
1608,7,5,9,B,image,32.48,752.27,4,80,back_and_forth,0.822,0.743,1,0.813,11,4to Secundaria,13,31.13,2.46,Kinestesico
1609,3,11,7,C,audio,19.95,664.74,4,57,back_and_forth,0.728,0.861,0,0.649,17,6to Primaria,2,18.66,5.79,Auditivo
1610,2,11,4,D,video,30.44,420.09,3,62,linear,0.625,0.973,5,0.854,13,6to Primaria,1,10.89,0.63,Auditivo
1611,9,5,3,D,image,21.46,251.32,0,26,linear,0.739,0.98,2,0.711,10,2do Primaria,9,27.17,4.53,Visual
1612,7,7,7,C,audio,20.0,334.79,2,63,linear,0.773,0.973,0,0.732,11,2do Primaria,9,32.46,4.38,Auditivo
1613,12,6,2,A,text,11.8,397.99,0,61,skip_and_return,0.57,0.87,2,0.713,16,1ro Secundaria,12,17.85,5.13,Visual
1614,2,12,3,D,audio,18.86,631.05,1,97,back_and_forth,0.937,0.934,3,0.708,17,2do Secundaria,9,28.87,3.89,Auditivo
1615,7,7,9,D,exercise,33.27,857.34,3,112,random,0.829,0.944,0,0.799,14,4to Secundaria,8,24.98,3.98,Kinestesico
1616,7,10,4,C,text,20.11,378.01,4,94,linear,0.642,0.846,4,0.642,13,3ro Primaria,1,29.52,5.07,Auditivo
1617,8,6,7,C,image,13.97,169.72,0,25,linear,0.67,0.933,0,0.94,16,5to Primaria,14,19.73,2.61,Visual
1618,7,9,4,B,video,15.56,490.58,4,65,linear,0.723,0.824,0,0.677,17,2do Primaria,10,37.57,0.94,Auditivo
1619,3,7,13,A,exercise,35.88,590.14,4,82,random,0.857,0.804,3,0.676,14,6to Primaria,4,8.76,6.63,Kinestesico
1620,3,11,2,D,audio,24.18,262.13,3,79,linear,0.702,0.999,0,0.722,10,3ro Secundaria,13,38.68,0.8,Auditivo
1621,13,2,4,B,image,9.49,174.02,2,25,skip_and_return,0.809,0.923,4,0.998,15,1ro Secundaria,4,30.41,5.16,Visual
1622,8,6,3,D,image,8.07,422.73,1,26,linear,0.649,0.861,3,0.777,16,3ro Secundaria,13,41.78,2.61,Visual
1623,9,6,7,A,video,12.21,178.84,1,47,skip_and_return,0.585,0.992,0,0.803,12,1ro Secundaria,10,31.07,6.9,Visual
1624,3,2,13,A,image,39.99,651.45,5,103,random,0.927,0.941,4,0.679,17,2do Primaria,3,38.38,3.23,Kinestesico
1625,4,10,2,C,audio,26.16,383.69,4,66,back_and_forth,0.908,0.88,3,0.774,12,5to Primaria,2,20.27,1.14,Auditivo
1626,2,12,6,C,video,31.47,363.18,2,62,linear,0.84,0.788,3,0.657,13,1ro Secundaria,2,14.67,6.69,Auditivo
1627,2,5,10,C,exercise,33.02,435.49,6,106,skip_and_return,0.901,0.906,1,0.65,14,3ro Secundaria,5,5.93,2.34,Kinestesico
1628,13,2,7,B,image,19.13,255.61,0,20,linear,0.78,0.893,2,0.806,14,1ro Primaria,4,23.96,4.06,Visual
1629,7,2,13,C,exercise,30.84,635.67,7,101,skip_and_return,0.939,0.785,5,0.658,11,4to Primaria,7,14.0,6.38,Kinestesico
1630,9,6,6,C,image,13.24,311.63,0,51,linear,0.807,0.892,4,0.837,14,3ro Secundaria,3,32.28,4.67,Visual
1631,4,9,7,B,video,21.77,543.04,4,70,linear,0.915,0.98,5,0.747,15,2do Primaria,8,13.76,3.06,Auditivo
1632,13,3,4,C,text,14.31,383.94,0,64,skip_and_return,0.755,0.965,4,0.898,12,5to Primaria,6,30.87,4.81,Visual
1633,9,3,6,D,image,9.94,421.04,2,41,skip_and_return,0.766,0.879,1,0.74,13,1ro Primaria,3,9.62,5.44,Visual
1634,13,5,3,A,image,19.1,415.63,0,53,linear,0.711,0.961,1,0.962,15,5to Secundaria,11,40.32,5.38,Visual
1635,10,3,7,A,video,13.02,294.29,2,21,skip_and_return,0.873,0.941,2,0.856,17,2do Secundaria,12,31.49,5.8,Visual
1636,14,3,4,A,video,19.26,327.44,0,38,linear,0.802,0.8,0,0.724,15,1ro Secundaria,7,18.2,1.92,Visual
1637,2,11,3,A,text,27.66,485.91,3,65,back_and_forth,0.715,0.815,4,0.688,16,3ro Primaria,1,26.83,4.63,Auditivo
1638,4,11,4,B,audio,15.05,529.14,1,78,linear,0.889,0.944,1,0.91,11,2do Secundaria,7,19.68,5.05,Auditivo
1639,12,6,5,A,image,16.75,216.42,2,49,linear,0.836,0.904,3,0.767,14,3ro Primaria,3,42.97,4.0,Visual
1640,6,12,6,B,text,19.87,547.96,2,51,linear,0.763,0.99,2,0.63,16,5to Secundaria,7,16.87,5.26,Auditivo
1641,14,6,3,C,image,8.34,296.46,1,51,linear,0.617,0.861,3,0.728,12,2do Secundaria,13,30.08,6.0,Visual
1642,11,6,4,D,video,9.17,171.65,0,36,linear,0.673,0.871,5,0.743,14,3ro Secundaria,2,44.21,2.56,Visual
1643,4,14,2,C,audio,17.26,400.83,4,61,back_and_forth,0.915,0.968,2,0.752,13,3ro Secundaria,11,23.13,6.59,Auditivo
1644,4,2,11,D,video,19.81,469.45,7,91,skip_and_return,0.92,0.83,2,0.503,14,3ro Primaria,2,5.28,3.05,Kinestesico
1645,11,4,6,A,image,16.81,187.13,0,57,linear,0.727,0.954,4,0.742,16,4to Secundaria,4,35.62,4.71,Visual
1646,5,6,14,C,exercise,33.18,389.67,5,75,random,0.907,0.825,0,0.727,12,3ro Secundaria,5,17.39,0.97,Kinestesico
1647,7,10,4,D,video,24.82,459.59,3,60,linear,0.604,0.982,5,0.91,13,5to Primaria,8,24.7,6.2,Auditivo
1648,11,7,6,A,image,15.6,151.92,0,32,linear,0.853,0.979,1,0.985,11,3ro Secundaria,3,15.11,5.65,Visual
1649,5,7,12,A,exercise,24.54,699.85,7,116,back_and_forth,0.809,0.914,0,0.668,10,2do Primaria,7,18.98,2.68,Kinestesico
1650,9,6,7,A,image,14.22,271.36,2,29,linear,0.672,0.825,4,0.955,14,1ro Primaria,10,28.34,2.22,Visual
1651,4,10,6,A,audio,20.02,679.23,2,82,linear,0.878,0.818,4,0.722,17,5to Primaria,7,36.45,2.03,Auditivo
1652,13,7,3,A,text,14.02,244.76,2,25,skip_and_return,0.631,0.813,0,0.97,11,6to Primaria,2,10.82,5.85,Visual
1653,7,13,7,A,audio,19.08,333.74,3,77,back_and_forth,0.75,0.752,4,0.732,14,5to Primaria,9,7.8,3.84,Auditivo
1654,12,7,3,A,image,11.59,411.08,0,28,skip_and_return,0.66,0.91,5,0.707,11,1ro Primaria,4,12.55,6.08,Visual
1655,2,14,7,A,text,16.07,448.94,3,91,linear,0.808,0.911,1,0.75,12,4to Secundaria,13,12.41,5.73,Auditivo
1656,10,4,2,D,image,12.87,406.38,2,53,skip_and_return,0.632,0.944,2,0.842,16,5to Secundaria,7,6.4,6.53,Visual
1657,3,2,12,A,exercise,40.55,519.19,4,87,back_and_forth,0.858,0.943,0,0.728,11,5to Secundaria,10,8.21,5.08,Kinestesico
1658,7,13,3,C,audio,15.3,622.83,1,90,back_and_forth,0.912,0.794,5,0.729,11,2do Secundaria,14,12.93,4.07,Auditivo
1659,13,2,3,D,video,19.82,166.28,1,31,linear,0.717,0.914,2,0.945,14,1ro Primaria,8,25.51,5.29,Visual
1660,14,2,5,D,video,8.85,414.65,0,35,linear,0.66,0.973,1,0.835,16,3ro Secundaria,3,14.73,2.47,Visual
1661,4,12,2,D,video,24.21,503.73,4,91,back_and_forth,0.902,0.966,3,0.772,15,5to Secundaria,4,16.96,6.62,Auditivo
1662,7,6,2,D,video,9.29,206.49,2,49,skip_and_return,0.807,0.9,1,0.716,13,4to Primaria,8,42.54,4.94,Visual
1663,2,4,13,A,video,36.04,361.87,4,106,skip_and_return,0.975,0.964,0,0.503,17,6to Primaria,8,30.17,0.83,Kinestesico
1664,13,4,2,D,image,9.27,243.06,2,34,linear,0.694,0.815,2,0.954,17,1ro Secundaria,9,19.26,2.61,Visual
1665,10,2,2,C,video,19.7,260.6,0,41,linear,0.751,0.838,0,0.919,16,1ro Primaria,14,43.46,2.51,Visual
1666,9,6,2,C,video,17.98,400.52,2,41,linear,0.871,0.843,3,0.974,13,5to Secundaria,1,13.14,4.36,Visual
1667,4,2,11,A,exercise,38.21,860.35,5,115,back_and_forth,0.931,0.861,4,0.592,14,5to Primaria,3,23.19,2.86,Kinestesico
1668,3,7,14,C,exercise,42.2,733.18,3,68,back_and_forth,0.758,0.99,1,0.795,13,3ro Secundaria,11,25.0,6.16,Kinestesico
1669,5,12,3,D,video,15.08,291.73,3,77,back_and_forth,0.867,0.872,3,0.849,11,1ro Secundaria,10,22.95,2.99,Auditivo
1670,14,5,2,A,image,13.94,274.21,0,30,skip_and_return,0.885,0.875,1,0.911,10,3ro Primaria,3,41.28,2.69,Visual
1671,9,7,6,A,image,12.65,299.65,0,40,linear,0.578,0.964,1,0.77,11,3ro Primaria,8,11.15,3.13,Visual
1672,13,4,5,C,video,15.76,316.1,0,45,skip_and_return,0.595,0.962,3,0.943,16,1ro Primaria,12,31.18,3.76,Visual
1673,7,10,5,C,audio,27.52,571.91,2,72,back_and_forth,0.619,0.825,3,0.816,16,2do Primaria,8,13.9,3.73,Auditivo
1674,5,6,9,C,video,24.56,644.95,7,91,back_and_forth,0.817,0.857,1,0.554,10,5to Secundaria,8,12.74,2.07,Kinestesico
1675,7,7,8,B,video,22.45,870.43,3,90,skip_and_return,0.881,0.747,2,0.809,14,5to Secundaria,11,14.2,3.2,Kinestesico
1676,7,10,5,A,text,23.5,318.0,2,80,back_and_forth,0.807,0.864,1,0.749,13,1ro Primaria,4,39.6,2.85,Auditivo
1677,7,13,4,C,video,22.31,688.02,2,64,linear,0.836,0.866,1,0.701,15,4to Primaria,3,43.66,2.71,Auditivo
1678,6,9,4,B,audio,14.54,346.28,1,99,linear,0.76,0.815,1,0.876,12,4to Secundaria,2,31.43,1.66,Auditivo
1679,13,4,4,D,text,8.16,459.99,2,28,linear,0.721,0.937,1,0.849,11,1ro Primaria,7,16.67,3.07,Visual
1680,7,9,9,C,video,25.56,401.47,2,57,linear,0.801,0.779,1,0.894,15,5to Secundaria,13,36.06,6.16,Auditivo
1681,4,5,13,C,video,18.29,350.02,4,100,random,0.984,0.977,4,0.695,13,4to Primaria,8,29.77,4.23,Kinestesico
1682,11,5,2,A,image,11.87,375.45,2,37,skip_and_return,0.553,0.968,4,0.74,14,5to Secundaria,5,15.63,2.59,Visual
1683,13,2,4,D,video,11.16,171.78,0,47,skip_and_return,0.733,0.877,3,0.948,12,2do Primaria,8,20.08,2.57,Visual
1684,13,2,3,B,text,15.41,445.54,0,50,skip_and_return,0.825,0.992,1,0.872,11,2do Primaria,14,17.81,3.37,Visual
1685,13,7,6,B,image,15.96,453.76,1,24,linear,0.562,0.86,4,0.871,15,4to Primaria,12,34.33,2.81,Visual
1686,11,5,7,A,video,12.77,201.21,1,21,skip_and_return,0.791,0.906,1,0.957,10,4to Primaria,3,29.33,1.48,Visual
1687,5,6,13,C,exercise,26.37,440.81,3,94,back_and_forth,0.792,0.816,2,0.786,16,4to Secundaria,1,8.38,0.75,Kinestesico
1688,11,5,7,B,video,9.66,166.83,0,27,linear,0.604,0.925,0,0.834,13,4to Primaria,9,31.35,5.18,Visual
1689,4,5,9,D,exercise,29.64,613.47,7,81,random,0.965,0.922,4,0.79,16,4to Primaria,8,18.29,4.18,Kinestesico
1690,5,13,6,A,video,28.25,513.37,4,96,linear,0.944,0.848,3,0.768,14,3ro Primaria,1,33.02,4.49,Auditivo
1691,5,9,4,B,text,31.6,408.67,1,65,back_and_forth,0.658,0.915,5,0.61,13,4to Secundaria,10,41.66,1.09,Auditivo
1692,2,13,4,B,audio,25.01,455.92,1,66,back_and_forth,0.753,0.951,4,0.655,14,3ro Primaria,6,32.16,4.43,Auditivo
1693,4,14,3,D,text,30.28,372.78,4,85,linear,0.875,0.873,5,0.674,14,1ro Secundaria,1,17.21,5.73,Auditivo
1694,9,5,4,D,text,17.4,229.07,0,23,linear,0.658,0.907,1,0.805,17,4to Secundaria,2,7.45,5.27,Visual
1695,12,2,3,D,image,14.85,209.14,1,49,linear,0.739,0.938,0,0.781,16,4to Primaria,13,34.49,6.99,Visual
1696,12,2,3,D,image,17.18,393.34,1,38,skip_and_return,0.587,0.957,0,0.709,13,2do Secundaria,8,44.14,5.22,Visual
1697,13,5,2,A,image,15.72,367.36,2,63,linear,0.822,0.967,0,0.94,15,1ro Secundaria,6,24.55,1.24,Visual
1698,9,6,5,C,video,8.35,445.73,0,45,linear,0.687,0.828,5,0.888,14,1ro Primaria,10,42.96,6.9,Visual
1699,5,13,6,C,text,16.12,635.23,3,80,linear,0.681,0.813,2,0.745,15,1ro Primaria,14,16.68,3.91,Auditivo
1700,4,4,13,B,exercise,33.06,892.24,4,85,back_and_forth,0.89,0.741,0,0.68,15,1ro Primaria,11,28.98,2.11,Kinestesico
