student_id,visual_score,auditory_score,kinesthetic_score,response_consistency,avg_response_time,total_changes,total_backtracks,target_vak_label
1001,2,3,5,0.558,29.28,4,1,Kinesthetic
1002,4,6,0,0.767,26.9,1,1,Auditory
1003,10,0,0,0.962,9.03,2,0,Visual
1004,2,4,4,0.607,14.43,3,1,Auditory
1005,1,9,0,0.6,22.59,2,1,Auditory
1006,7,1,2,0.794,19.38,2,0,Visual
1007,2,8,0,0.687,29.6,2,0,Auditory
1008,5,4,1,0.868,21.4,1,0,Visual
1009,2,2,6,0.761,24.72,5,3,Kinesthetic
1010,9,0,1,0.936,11.44,2,1,Visual
1011,3,1,6,0.588,44.32,5,2,Kinesthetic
1012,9,0,1,0.763,8.57,1,0,Visual
1013,7,2,1,0.781,19.33,1,1,Visual
1014,1,3,6,0.514,32.37,4,3,Kinesthetic
1015,1,7,2,0.778,27.04,4,2,Auditory
1016,0,8,2,0.896,17.3,3,1,Auditory
1017,6,3,1,0.745,18.3,2,1,Visual
1018,1,8,1,0.662,25.79,3,1,Auditory
1019,8,1,1,0.787,13.65,2,0,Visual
1020,2,7,1,0.819,14.27,2,0,Auditory
1021,0,9,1,0.755,31.03,1,0,Auditory
1022,6,3,1,0.933,8.58,1,1,Visual
1023,8,1,1,0.727,21.05,2,0,Visual
1024,8,0,2,0.731,14.02,0,0,Visual
1025,3,0,7,0.806,42.6,6,4,Kinesthetic
1026,1,1,8,0.512,20.14,6,4,Kinesthetic
1027,1,2,7,0.622,40.1,4,1,Kinesthetic
1028,9,0,1,0.767,20.24,0,1,Visual
1029,3,7,0,0.664,25.02,1,1,Auditory
1030,1,6,3,0.841,19.56,4,2,Auditory
1031,8,1,1,0.863,18.4,2,0,Visual
1032,6,2,2,0.831,25.53,1,1,Auditory
1033,1,8,1,0.721,19.92,3,1,Auditory
1034,9,1,0,0.906,12.96,0,0,Visual
1035,0,1,9,0.752,18.69,4,1,Kinesthetic
1036,2,0,8,0.764,42.89,7,3,Kinesthetic
1037,8,1,1,0.726,20.03,1,0,Visual
1038,6,4,0,0.811,18.01,0,1,Visual
1039,1,8,1,0.675,20.19,1,0,Auditory
1040,7,1,2,0.808,8.41,2,0,Visual
1041,2,0,8,0.791,30.86,3,2,Kinesthetic
1042,1,3,6,0.741,43.05,7,3,Kinesthetic
1043,1,8,1,0.804,22.04,3,0,Auditory
1044,2,8,0,0.721,17.01,1,2,Auditory
1045,2,2,6,0.645,40.46,5,3,Kinesthetic
1046,0,9,1,0.821,18.87,4,1,Auditory
1047,5,2,3,0.799,10.21,0,0,Visual
1048,1,3,6,0.535,30.19,6,1,Kinesthetic
1049,5,2,3,0.938,21.19,1,1,Visual
1050,5,5,0,0.66,29.06,4,1,Auditory
1051,6,1,3,0.963,21.88,2,1,Visual
1052,2,0,8,0.687,36.44,5,3,Kinesthetic
1053,5,1,4,0.627,40.12,6,3,Kinesthetic
1054,9,1,0,0.885,15.42,0,0,Visual
1055,4,6,0,0.916,27.97,3,2,Auditory
1056,9,1,0,0.874,19.69,2,1,Visual
1057,3,6,1,0.665,20.33,3,2,Auditory
1058,2,7,1,0.853,15.6,4,0,Auditory
1059,8,0,2,0.973,11.84,2,1,Visual
1060,1,8,1,0.785,14.39,4,2,Auditory
1061,8,2,0,0.757,19.72,2,1,Visual
1062,9,0,1,0.878,13.09,2,1,Visual
1063,1,8,1,0.8,26.77,4,0,Auditory
1064,2,8,0,0.738,28.57,3,2,Auditory
1065,2,1,7,0.673,27.95,3,1,Kinesthetic
1066,6,3,1,0.713,17.59,2,1,Visual
1067,7,2,1,0.942,19.96,2,1,Visual
1068,0,3,7,0.787,35.43,5,1,Kinesthetic
1069,2,0,8,0.77,29.85,5,4,Kinesthetic
1070,1,2,7,0.661,25.81,6,2,Kinesthetic
1071,1,2,7,0.71,40.47,4,2,Kinesthetic
1072,3,1,6,0.545,39.33,7,2,Kinesthetic
1073,3,5,2,0.642,27.77,1,1,Auditory
1074,5,4,1,0.659,22.46,4,2,Auditory
1075,2,6,2,0.788,19.74,1,0,Auditory
1076,0,1,9,0.677,37.17,3,3,Kinesthetic
1077,5,2,3,0.926,8.64,1,1,Visual
1078,5,3,2,0.752,9.02,2,0,Visual
1079,1,0,9,0.771,24.46,3,2,Kinesthetic
1080,3,7,0,0.816,24.54,4,0,Auditory
1081,1,8,1,0.913,24.81,1,1,Auditory
1082,6,2,2,0.744,21.56,2,1,Visual
1083,1,6,3,0.832,23.47,3,2,Auditory
1084,2,8,0,0.802,27.71,2,1,Auditory
1085,8,0,2,0.872,16.48,0,1,Visual
1086,2,1,7,0.575,31.75,5,2,Kinesthetic
1087,2,8,0,0.753,17.43,1,1,Auditory
1088,2,1,7,0.819,26.24,3,3,Kinesthetic
1089,8,1,1,0.797,10.63,1,1,Visual
1090,6,1,3,0.82,17.52,2,1,Visual
1091,7,3,0,0.806,19.74,1,0,Visual
1092,9,0,1,0.966,18.2,2,0,Visual
1093,9,0,1,0.904,21.23,1,1,Visual
1094,3,2,5,0.737,38.78,6,2,Kinesthetic
1095,3,7,0,0.715,31.7,3,0,Auditory
1096,2,8,0,0.691,24.87,3,0,Auditory
1097,1,2,7,0.79,39.83,6,4,Kinesthetic
1098,1,1,8,0.637,35.32,4,1,Kinesthetic
1099,1,7,2,0.835,30.66,4,1,Auditory
1100,1,3,6,0.704,16.21,1,2,Auditory
1101,7,3,0,0.723,19.89,0,0,Visual
1102,1,4,5,0.605,22.77,4,2,Kinesthetic
1103,4,1,5,0.735,19.21,3,4,Kinesthetic
1104,6,3,1,0.765,10.48,1,1,Visual
1105,3,1,6,0.716,43.8,5,4,Kinesthetic
1106,7,2,1,0.788,21.62,2,0,Visual
1107,7,2,1,0.847,14.79,1,1,Visual
1108,1,9,0,0.827,21.55,3,1,Auditory
1109,5,3,2,0.761,9.2,0,1,Visual
1110,2,1,7,0.574,41.98,3,2,Kinesthetic
1111,2,3,5,0.807,43.62,6,2,Kinesthetic
1112,4,5,1,0.78,28.22,2,1,Auditory
1113,3,4,3,0.821,28.24,4,1,Auditory
1114,6,2,2,0.982,16.93,2,0,Visual
1115,2,6,2,0.642,19.79,3,2,Auditory
1116,6,1,3,0.829,14.13,0,1,Visual
1117,0,9,1,0.667,20.02,1,2,Auditory
1118,1,0,9,0.585,22.1,6,1,Kinesthetic
1119,9,1,0,0.901,8.01,1,0,Visual
1120,6,2,2,0.745,16.57,1,0,Visual
1121,0,0,10,0.531,30.18,4,1,Kinesthetic
1122,6,4,0,0.856,17.18,2,1,Visual
1123,2,6,2,0.842,27.37,1,2,Auditory
1124,2,0,8,0.51,31.09,5,4,Kinesthetic
1125,6,2,2,0.712,18.27,0,1,Visual
1126,8,2,0,0.766,9.49,0,0,Visual
1127,4,5,1,0.853,15.46,3,2,Auditory
1128,2,7,1,0.865,19.39,4,1,Auditory
1129,1,2,7,0.57,27.24,4,2,Kinesthetic
1130,4,3,3,0.916,16.62,2,1,Visual
1131,6,0,4,0.732,17.07,0,0,Visual
1132,8,2,0,0.971,21.46,1,1,Visual
1133,1,9,0,0.632,30.68,2,1,Auditory
1134,2,1,7,0.761,37.05,3,2,Kinesthetic
1135,0,2,8,0.644,34.32,7,3,Kinesthetic
1136,2,3,5,0.51,41.31,7,1,Kinesthetic
1137,5,3,2,0.808,18.49,1,0,Visual
1138,7,3,0,0.854,11.35,2,1,Visual
1139,6,2,2,0.868,16.94,1,0,Visual
1140,1,1,8,0.659,24.9,3,1,Kinesthetic
1141,9,0,1,0.776,10.25,1,0,Visual
1142,1,1,8,0.533,38.98,3,4,Kinesthetic
1143,4,1,5,0.508,29.7,4,2,Kinesthetic
1144,9,1,0,0.838,11.55,2,0,Visual
1145,0,2,8,0.717,39.96,3,3,Kinesthetic
1146,8,1,1,0.81,17.64,0,0,Visual
1147,7,1,2,0.807,15.98,2,0,Visual
1148,7,2,1,0.826,18.39,1,1,Visual
1149,8,1,1,0.945,14.58,0,1,Visual
1150,5,4,1,0.901,13.92,1,0,Visual
1151,4,5,1,0.863,20.1,1,0,Auditory
1152,1,1,8,0.7,19.12,3,4,Kinesthetic
1153,2,8,0,0.631,26.65,2,1,Auditory
1154,2,8,0,0.707,15.78,3,1,Auditory
1155,7,3,0,0.756,18.61,0,0,Visual
1156,1,8,1,0.811,26.21,4,1,Auditory
1157,4,0,6,0.797,38.33,6,1,Kinesthetic
1158,1,7,2,0.808,21.9,3,2,Auditory
1159,2,8,0,0.656,18.78,4,0,Auditory
1160,8,1,1,0.924,21.18,0,0,Visual
1161,3,6,1,0.85,20.23,3,0,Auditory
1162,6,2,2,0.708,12.26,1,1,Visual
1163,5,1,4,0.955,19.57,0,0,Visual
1164,1,2,7,0.816,26.71,4,3,Kinesthetic
1165,9,1,0,0.993,13.17,2,0,Visual
1166,1,8,1,0.667,16.03,3,1,Auditory
1167,7,2,1,0.838,21.91,1,1,Visual
1168,2,0,8,0.628,41.34,3,3,Kinesthetic
1169,0,3,7,0.701,33.7,3,1,Kinesthetic
1170,2,3,5,0.61,32.08,3,3,Kinesthetic
1171,2,8,0,0.844,21.11,3,2,Auditory
1172,6,1,3,0.929,10.05,0,0,Visual
1173,6,2,2,0.725,11.54,1,1,Visual
1174,9,0,1,0.86,19.73,0,0,Visual
1175,9,1,0,0.883,21.91,1,1,Visual
1176,0,0,10,0.65,27.49,5,2,Kinesthetic
1177,0,2,8,0.748,22.62,6,2,Kinesthetic
1178,8,1,1,0.985,19.57,2,0,Visual
1179,7,2,1,0.853,9.45,1,1,Visual
1180,0,7,3,0.863,15.87,1,1,Auditory
1181,1,6,3,0.784,24.21,4,0,Auditory
1182,6,3,1,0.875,14.83,1,0,Visual
1183,9,1,0,0.79,8.28,1,1,Visual
1184,7,1,2,0.738,16.56,2,1,Visual
1185,1,9,0,0.794,28.78,1,2,Auditory
1186,2,7,1,0.697,14.04,3,2,Auditory
1187,3,2,5,0.606,31.45,5,1,Kinesthetic
1188,0,8,2,0.644,31.95,1,1,Auditory
1189,3,6,1,0.913,28.28,4,0,Auditory
1190,6,4,0,0.766,19.53,1,0,Visual
1191,1,7,2,0.918,18.72,3,2,Auditory
1192,3,7,0,0.866,15.83,1,2,Auditory
1193,5,2,3,0.889,9.89,0,0,Visual
1194,2,1,7,0.619,35.72,7,2,Kinesthetic
1195,8,2,0,0.755,14.11,0,1,Visual
1196,3,5,2,0.904,27.68,2,2,Auditory
1197,5,3,2,0.714,13.92,1,1,Visual
1198,9,0,1,0.901,18.21,2,1,Visual
1199,1,0,9,0.654,22.91,4,1,Kinesthetic
1200,0,0,10,0.674,42.54,4,4,Kinesthetic
1201,1,2,7,0.521,20.46,5,2,Kinesthetic
1202,7,3,0,0.852,14.2,2,1,Visual
1203,4,5,1,0.651,25.48,1,1,Auditory
1204,10,0,0,0.93,10.35,1,0,Visual
1205,8,0,2,0.997,20.19,2,1,Visual
1206,0,9,1,0.759,31.12,1,1,Auditory
1207,8,1,1,0.832,17.72,0,1,Visual
1208,4,0,6,0.67,32.88,5,1,Kinesthetic
1209,1,1,8,0.722,24.24,3,4,Kinesthetic
1210,1,7,2,0.733,14.49,3,2,Auditory
1211,5,2,3,0.812,15.09,1,1,Visual
1212,6,2,2,0.928,20.21,1,0,Visual
1213,1,0,9,0.677,33.45,6,1,Kinesthetic
1214,3,1,6,0.559,20.01,4,1,Kinesthetic
1215,7,3,0,0.978,11.34,2,0,Visual
1216,4,6,0,0.777,25.86,4,1,Auditory
1217,4,5,1,0.638,15.35,3,2,Auditory
1218,6,2,2,0.841,10.88,2,0,Visual
1219,6,2,2,0.965,19.14,1,1,Visual
1220,2,7,1,0.762,17.19,3,1,Auditory
1221,1,2,7,0.731,32.99,6,1,Kinesthetic
1222,2,7,1,0.684,24.24,4,0,Auditory
1223,1,1,8,0.532,37.05,7,3,Kinesthetic
1224,0,9,1,0.814,16.49,3,0,Auditory
1225,6,2,2,0.917,12.88,2,1,Visual
1226,2,5,3,0.644,22.39,4,2,Auditory
1227,7,1,2,0.788,20.04,2,0,Visual
1228,3,6,1,0.853,24.14,1,2,Auditory
1229,5,4,1,0.794,19.73,1,1,Visual
1230,1,2,7,0.739,31.72,5,1,Kinesthetic
1231,1,5,4,0.822,21.72,4,0,Auditory
1232,0,2,8,0.571,29.51,5,2,Kinesthetic
1233,2,6,2,0.634,30.94,3,0,Auditory
1234,8,2,0,0.762,14.24,0,1,Visual
1235,2,1,7,0.691,32.42,3,1,Kinesthetic
1236,0,9,1,0.732,21.23,2,2,Auditory
1237,2,2,6,0.603,23.6,3,3,Kinesthetic
1238,7,2,1,0.803,14.01,1,0,Visual
1239,7,1,2,0.727,17.0,0,0,Visual
1240,3,5,2,0.851,19.11,4,2,Auditory
1241,7,2,1,0.847,8.78,1,0,Visual
1242,5,3,2,0.829,19.94,2,1,Visual
1243,3,5,2,0.902,28.84,3,2,Auditory
1244,1,8,1,0.611,17.61,3,1,Auditory
1245,1,7,2,0.612,14.07,1,2,Auditory
1246,6,2,2,0.918,8.28,1,1,Visual
1247,6,3,1,0.972,16.58,0,1,Visual
1248,4,1,5,0.532,18.69,7,4,Kinesthetic
1249,8,0,2,0.965,14.4,1,1,Visual
1250,0,0,10,0.735,42.71,5,3,Kinesthetic
1251,5,4,1,0.996,14.77,1,0,Visual
1252,3,3,4,0.76,19.9,5,4,Kinesthetic
1253,1,2,7,0.502,26.51,7,4,Kinesthetic
1254,1,8,1,0.699,24.83,2,0,Auditory
1255,0,9,1,0.809,27.45,2,1,Auditory
1256,8,2,0,0.953,15.06,2,0,Visual
1257,0,0,10,0.749,38.0,3,3,Kinesthetic
1258,3,1,6,0.747,34.07,5,3,Kinesthetic
1259,9,0,1,0.879,13.78,2,1,Visual
1260,7,3,0,0.789,8.62,2,0,Visual
1261,1,1,8,0.74,36.67,6,1,Kinesthetic
1262,6,2,2,0.912,12.7,0,1,Visual
1263,6,2,2,0.821,20.45,2,0,Visual
1264,0,9,1,0.672,26.16,4,1,Auditory
1265,8,1,1,0.817,20.18,0,0,Visual
1266,2,7,1,0.803,20.71,3,0,Auditory
1267,7,2,1,0.829,16.28,1,0,Visual
1268,4,6,0,0.829,28.4,1,2,Auditory
1269,4,1,5,0.8,20.28,4,4,Kinesthetic
1270,2,6,2,0.776,31.09,3,1,Auditory
1271,7,3,0,0.734,12.16,0,0,Visual
1272,1,2,7,0.704,38.65,5,4,Kinesthetic
1273,8,2,0,0.858,19.16,1,1,Visual
1274,1,6,3,0.619,24.45,2,0,Auditory
1275,1,7,2,0.911,24.21,3,2,Auditory
1276,5,4,1,0.766,9.0,1,1,Visual
1277,2,1,7,0.716,30.68,6,2,Kinesthetic
1278,5,3,2,0.915,12.56,0,0,Visual
1279,1,2,7,0.785,26.17,3,3,Kinesthetic
1280,2,5,3,0.663,17.49,4,2,Auditory
1281,8,1,1,0.786,19.87,0,1,Visual
1282,8,2,0,0.734,16.92,3,1,Auditory
1283,8,2,0,0.92,16.62,1,1,Visual
1284,3,5,2,0.893,25.75,2,2,Auditory
1285,6,1,3,0.624,22.86,4,1,Kinesthetic
1286,9,0,1,0.824,10.92,1,0,Visual
1287,8,2,0,0.994,19.4,0,1,Visual
1288,2,6,2,0.875,19.22,1,0,Auditory
1289,5,3,2,0.784,11.39,1,1,Visual
1290,1,9,0,0.826,31.93,3,1,Auditory
1291,0,8,2,0.856,16.69,3,2,Auditory
1292,10,0,0,0.968,15.75,1,1,Visual
1293,3,4,3,0.913,30.7,1,1,Auditory
1294,2,1,7,0.759,26.51,6,1,Kinesthetic
1295,0,9,1,0.899,31.28,2,1,Auditory
1296,6,2,2,0.903,8.67,0,0,Visual
1297,1,6,3,0.909,28.62,1,1,Auditory
1298,1,0,9,0.712,28.32,6,1,Kinesthetic
1299,2,3,5,0.739,32.65,7,1,Kinesthetic
1300,8,2,0,0.768,20.86,0,1,Visual
1301,0,2,8,0.641,25.88,5,3,Kinesthetic
1302,2,6,2,0.604,27.12,4,2,Auditory
1303,8,1,1,0.826,12.19,1,0,Visual
1304,3,4,3,0.76,31.65,4,4,Kinesthetic
1305,9,1,0,0.734,12.35,1,1,Visual
1306,7,2,1,0.999,16.09,1,0,Visual
1307,9,0,1,0.742,9.56,1,1,Visual
1308,2,2,6,0.601,32.7,3,2,Kinesthetic
1309,2,2,6,0.571,32.02,6,1,Kinesthetic
1310,1,1,8,0.738,44.25,7,1,Kinesthetic
1311,1,9,0,0.701,31.78,4,0,Auditory
1312,3,6,1,0.664,29.75,1,2,Auditory
1313,7,2,1,0.976,21.27,2,1,Visual
1314,7,3,0,0.791,15.65,1,0,Visual
1315,2,8,0,0.735,20.71,4,1,Auditory
1316,6,1,3,0.958,21.2,1,0,Visual
1317,3,6,1,0.875,14.88,4,2,Auditory
1318,6,2,2,0.823,19.07,2,1,Visual
1319,0,9,1,0.641,24.23,3,0,Auditory
1320,9,0,1,0.73,20.47,0,1,Visual
1321,1,1,8,0.505,38.17,7,2,Kinesthetic
1322,8,0,2,0.886,9.82,2,1,Visual
1323,8,2,0,0.982,17.74,2,1,Visual
1324,2,1,7,0.644,43.06,3,2,Kinesthetic
1325,3,6,1,0.746,15.82,4,0,Auditory
1326,1,2,7,0.554,38.23,6,3,Kinesthetic
1327,7,1,2,0.754,21.64,0,1,Visual
1328,7,3,0,0.744,10.82,0,0,Visual
1329,7,3,0,0.749,9.2,0,0,Visual
1330,1,8,1,0.711,26.47,3,1,Auditory
1331,6,0,4,0.998,20.95,0,0,Visual
1332,1,8,1,0.64,14.85,4,2,Auditory
1333,8,1,1,0.925,13.93,1,0,Visual
1334,7,3,0,0.992,21.5,1,1,Visual
1335,5,3,2,0.945,10.94,2,1,Visual
1336,1,8,1,0.871,20.38,1,0,Auditory
1337,7,1,2,0.744,19.68,2,1,Visual
1338,1,0,9,0.785,21.75,3,1,Kinesthetic
1339,3,4,3,0.94,8.4,1,1,Visual
1340,0,6,4,0.803,18.03,2,1,Auditory
1341,0,8,2,0.696,21.38,1,2,Auditory
1342,6,3,1,0.973,13.27,1,1,Visual
1343,3,0,7,0.705,44.93,7,2,Kinesthetic
1344,7,3,0,0.706,12.14,1,1,Visual
1345,1,9,0,0.774,17.6,3,2,Auditory
1346,6,1,3,0.711,19.18,2,0,Visual
1347,2,1,7,0.656,34.88,7,4,Kinesthetic
1348,6,2,2,0.76,19.08,1,1,Visual
1349,6,4,0,0.758,21.94,1,0,Visual
1350,9,0,1,0.966,17.5,0,1,Visual
1351,8,1,1,0.75,13.6,2,0,Visual
1352,2,8,0,0.868,30.77,4,2,Auditory
1353,3,6,1,0.729,30.18,4,0,Auditory
1354,6,2,2,0.749,19.31,2,0,Visual
1355,2,7,1,0.626,31.51,1,1,Auditory
1356,5,4,1,0.904,8.87,1,0,Visual
1357,8,1,1,0.956,15.67,2,1,Visual
1358,1,6,3,0.657,15.51,1,2,Auditory
1359,7,1,2,0.767,12.3,0,1,Visual
1360,3,6,1,0.911,15.98,3,0,Auditory
1361,8,2,0,0.918,15.64,2,1,Visual
1362,5,5,0,0.75,12.62,0,0,Visual
1363,3,7,0,0.902,28.64,4,1,Auditory
1364,3,6,1,0.673,25.87,4,0,Auditory
1365,7,2,1,0.805,11.8,0,0,Visual
1366,2,2,6,0.785,36.08,4,3,Kinesthetic
1367,2,5,3,0.727,16.51,2,0,Auditory
1368,4,5,1,0.71,25.13,3,0,Auditory
1369,3,7,0,0.768,25.71,4,2,Auditory
1370,8,2,0,0.784,21.57,1,1,Visual
1371,2,6,2,0.794,25.1,4,1,Auditory
1372,0,1,9,0.789,24.7,4,4,Kinesthetic
1373,6,4,0,0.835,17.69,1,1,Visual
1374,1,8,1,0.813,31.08,2,1,Auditory
1375,1,8,1,0.781,27.34,2,2,Auditory
1376,8,1,1,0.829,21.29,2,1,Visual
1377,1,2,7,0.567,22.89,5,3,Kinesthetic
1378,2,2,6,0.737,28.76,7,1,Kinesthetic
1379,1,2,7,0.697,36.6,7,3,Kinesthetic
1380,6,3,1,0.832,20.4,0,0,Visual
1381,2,6,2,0.906,19.24,2,2,Auditory
1382,3,6,1,0.719,21.15,1,1,Auditory
1383,6,1,3,0.861,16.5,0,1,Visual
1384,9,1,0,0.774,9.66,1,0,Visual
1385,2,2,6,0.657,43.67,7,4,Kinesthetic
1386,1,6,3,0.8,15.32,1,2,Auditory
1387,0,10,0,0.609,28.68,1,1,Auditory
1388,3,3,4,0.711,35.22,3,1,Kinesthetic
1389,8,0,2,0.788,20.62,2,1,Visual
1390,1,4,5,0.651,25.02,7,2,Kinesthetic
1391,5,4,1,0.953,11.38,1,1,Visual
1392,8,1,1,0.893,14.57,0,1,Visual
1393,2,6,2,0.692,31.53,1,1,Auditory
1394,10,0,0,0.772,17.4,0,1,Visual
1395,8,0,2,0.949,20.86,2,0,Visual
1396,2,3,5,0.708,37.5,7,3,Kinesthetic
1397,1,7,2,0.871,27.92,1,2,Auditory
1398,8,1,1,0.863,18.28,2,0,Visual
1399,0,3,7,0.649,25.46,5,3,Kinesthetic
1400,0,2,8,0.79,38.68,4,3,Kinesthetic
1401,5,4,1,0.963,15.36,2,1,Visual
1402,6,2,2,0.923,20.32,2,0,Visual
1403,8,2,0,0.845,18.62,2,1,Visual
1404,7,2,1,0.727,8.01,1,1,Visual
1405,6,2,2,0.716,9.85,1,0,Visual
1406,3,7,0,0.841,21.49,4,0,Auditory
1407,2,7,1,0.834,15.26,2,2,Auditory
1408,6,3,1,0.773,15.64,2,1,Visual
1409,8,1,1,0.736,9.1,0,1,Visual
1410,3,6,1,0.836,24.37,1,1,Auditory
1411,2,2,6,0.652,32.19,4,1,Kinesthetic
1412,2,1,7,0.682,32.61,7,2,Kinesthetic
1413,4,6,0,0.887,16.63,3,2,Auditory
1414,1,4,5,0.671,19.83,5,3,Kinesthetic
1415,8,1,1,0.719,17.14,0,0,Visual
1416,2,7,1,0.71,28.28,3,0,Auditory
1417,6,1,3,0.949,11.56,1,1,Visual
1418,2,7,1,0.851,17.82,2,1,Auditory
1419,7,2,1,0.942,16.46,1,1,Visual
1420,1,3,6,0.535,31.98,6,4,Kinesthetic
1421,9,1,0,0.715,15.81,1,0,Visual
1422,7,1,2,0.873,18.08,0,1,Visual
1423,7,2,1,0.883,18.49,2,0,Visual
1424,1,8,1,0.647,29.83,3,0,Auditory
1425,6,1,3,0.787,13.68,1,1,Visual
1426,9,1,0,0.929,15.8,2,1,Visual
1427,2,0,8,0.662,29.31,7,2,Kinesthetic
1428,3,6,1,0.655,18.93,3,2,Auditory
1429,8,1,1,0.957,11.92,2,0,Visual
1430,2,6,2,0.836,19.74,2,1,Auditory
1431,0,2,8,0.534,32.0,4,4,Kinesthetic
1432,2,7,1,0.885,22.59,3,0,Auditory
1433,0,9,1,0.653,31.8,4,2,Auditory
1434,2,6,2,0.812,20.2,4,2,Auditory
1435,1,9,0,0.702,14.26,4,2,Auditory
1436,3,4,3,0.791,16.35,1,2,Auditory
1437,9,0,1,0.769,21.41,0,0,Visual
1438,1,8,1,0.827,15.69,2,2,Auditory
1439,2,8,0,0.847,16.53,4,1,Auditory
1440,2,0,8,0.604,42.28,7,3,Kinesthetic
1441,4,4,2,0.773,11.43,0,1,Visual
1442,6,3,1,0.916,9.83,2,0,Visual
1443,3,2,5,0.563,34.22,5,2,Kinesthetic
1444,1,9,0,0.734,24.24,4,1,Auditory
1445,9,0,1,0.708,12.54,0,1,Visual
1446,1,8,1,0.674,24.29,2,2,Auditory
1447,3,7,0,0.886,30.96,4,0,Auditory
1448,1,5,4,0.642,27.61,4,2,Auditory
1449,1,7,2,0.875,14.24,4,2,Auditory
1450,5,0,5,0.588,33.35,5,4,Kinesthetic
1451,8,1,1,0.967,20.82,0,0,Visual
1452,1,6,3,0.758,24.25,1,2,Auditory
1453,2,1,7,0.792,21.63,6,2,Kinesthetic
1454,0,0,10,0.625,35.03,4,2,Kinesthetic
1455,7,1,2,0.926,19.15,2,1,Visual
1456,4,5,1,0.715,8.37,1,0,Visual
1457,0,10,0,0.646,16.79,2,0,Auditory
1458,6,2,2,0.791,13.63,1,1,Visual
1459,0,8,2,0.777,21.62,2,2,Auditory
1460,3,7,0,0.892,17.12,3,2,Auditory
1461,1,6,3,0.663,20.99,1,1,Auditory
1462,1,7,2,0.62,28.66,3,0,Auditory
1463,0,4,6,0.679,25.47,5,2,Kinesthetic
1464,2,7,1,0.857,19.41,2,2,Auditory
1465,7,2,1,0.908,9.64,1,1,Visual
1466,0,1,9,0.741,35.2,3,2,Kinesthetic
1467,0,2,8,0.793,44.19,6,3,Kinesthetic
1468,1,9,0,0.71,26.15,2,1,Auditory
1469,2,8,0,0.865,24.11,1,2,Auditory
1470,3,2,5,0.596,37.2,3,1,Kinesthetic
1471,4,5,1,0.936,19.45,0,1,Visual
1472,8,1,1,0.736,10.48,1,1,Visual
1473,3,7,0,0.616,26.37,4,1,Auditory
1474,2,5,3,0.83,24.82,3,0,Auditory
1475,1,0,9,0.616,30.11,6,1,Kinesthetic
1476,7,1,2,0.837,19.8,2,1,Visual
1477,1,3,6,0.729,35.68,5,1,Kinesthetic
1478,1,9,0,0.87,30.35,3,0,Auditory
1479,5,3,2,0.837,18.27,1,0,Visual
1480,6,2,2,0.766,15.87,1,1,Visual
1481,6,1,3,0.735,20.6,0,1,Visual
1482,8,2,0,0.754,21.0,0,1,Visual
1483,5,2,3,0.974,14.86,2,0,Visual
1484,3,1,6,0.591,44.36,5,4,Kinesthetic
1485,2,5,3,0.906,16.98,2,1,Auditory
1486,2,7,1,0.666,20.58,3,0,Auditory
1487,7,1,2,0.862,17.08,0,0,Visual
1488,1,0,9,0.696,44.08,6,1,Kinesthetic
1489,9,1,0,0.877,15.03,0,1,Visual
1490,2,8,0,0.781,21.49,3,2,Auditory
1491,1,9,0,0.681,23.8,3,1,Auditory
1492,1,1,8,0.634,25.94,3,1,Kinesthetic
1493,2,7,1,0.74,16.49,2,0,Auditory
1494,9,1,0,0.735,15.3,1,0,Visual
1495,1,3,6,0.624,25.02,3,1,Kinesthetic
1496,0,10,0,0.739,28.01,2,2,Auditory
1497,4,5,1,0.728,16.86,3,1,Auditory
1498,3,6,1,0.853,15.96,4,2,Auditory
1499,3,6,1,0.775,20.05,3,0,Auditory
1500,4,2,4,0.57,27.08,5,4,Kinesthetic
1501,9,0,1,0.854,13.68,2,1,Visual
1502,2,8,0,0.677,31.49,2,0,Auditory
1503,2,2,6,0.803,33.28,7,4,Kinesthetic
1504,0,2,8,0.696,24.53,4,4,Kinesthetic
1505,6,2,2,0.752,11.05,0,1,Visual
1506,7,1,2,0.899,11.67,0,1,Visual
1507,3,5,2,0.619,27.74,2,2,Auditory
1508,6,2,2,0.763,9.66,0,0,Visual
1509,3,6,1,0.7,14.37,1,1,Auditory
1510,1,7,2,0.89,29.05,4,1,Auditory
1511,0,0,10,0.543,29.31,4,4,Kinesthetic
1512,0,1,9,0.733,27.0,6,1,Kinesthetic
1513,0,2,8,0.54,30.58,3,1,Kinesthetic
1514,3,3,4,0.912,14.8,4,0,Auditory
1515,1,2,7,0.671,20.16,6,3,Kinesthetic
1516,2,7,1,0.878,29.65,1,0,Auditory
1517,2,1,7,0.805,42.42,4,1,Kinesthetic
1518,2,2,6,0.715,22.21,4,1,Kinesthetic
1519,0,9,1,0.712,25.06,2,2,Auditory
1520,1,2,7,0.554,22.78,4,1,Kinesthetic
1521,3,2,5,0.522,36.56,3,2,Kinesthetic
1522,3,7,0,0.866,21.51,4,0,Auditory
1523,2,8,0,0.647,30.12,2,2,Auditory
1524,7,2,1,0.949,15.12,2,0,Visual
1525,7,2,1,0.948,17.95,2,1,Visual
1526,5,0,5,0.572,18.11,3,3,Kinesthetic
1527,8,1,1,0.87,18.25,0,1,Visual
1528,2,1,7,0.583,20.76,3,1,Kinesthetic
1529,1,4,5,0.721,18.9,3,3,Kinesthetic
1530,8,1,1,0.725,14.92,1,1,Visual
1531,2,7,1,0.847,26.3,3,0,Auditory
1532,6,3,1,0.803,10.0,0,0,Visual
1533,1,6,3,0.909,26.02,3,1,Auditory
1534,5,4,1,0.789,21.55,2,1,Visual
1535,1,6,3,0.605,29.84,3,0,Auditory
1536,2,6,2,0.717,19.44,1,0,Auditory
1537,9,1,0,0.752,13.26,0,1,Visual
1538,7,2,1,0.869,14.25,1,0,Visual
1539,2,2,6,0.627,40.36,6,2,Kinesthetic
1540,8,1,1,0.942,19.37,1,1,Visual
1541,2,3,5,0.634,20.4,3,2,Kinesthetic
1542,2,7,1,0.703,22.84,2,1,Auditory
1543,8,1,1,0.707,18.29,2,0,Visual
1544,1,8,1,0.652,20.55,1,0,Auditory
1545,9,0,1,0.782,19.53,0,1,Visual
1546,8,2,0,0.886,11.71,1,0,Visual
1547,5,4,1,0.804,16.1,2,0,Visual
1548,6,4,0,0.951,18.19,0,1,Visual
1549,7,3,0,0.768,14.36,1,1,Visual
1550,2,1,7,0.724,44.75,6,4,Kinesthetic
1551,5,5,0,0.739,14.08,3,0,Auditory
1552,5,3,2,0.801,11.19,0,1,Visual
1553,2,7,1,0.784,22.09,3,0,Auditory
1554,2,2,6,0.759,31.14,3,1,Kinesthetic
1555,2,7,1,0.714,32.0,1,2,Auditory
1556,2,7,1,0.603,15.96,2,2,Auditory
1557,5,3,2,0.999,19.56,2,1,Visual
1558,2,4,4,0.683,32.41,3,4,Kinesthetic
1559,0,3,7,0.772,24.05,4,2,Kinesthetic
1560,3,2,5,0.719,27.92,4,4,Kinesthetic
1561,5,4,1,0.721,8.08,0,0,Visual
1562,2,2,6,0.57,36.32,5,1,Kinesthetic
1563,3,6,1,0.894,19.91,3,1,Auditory
1564,6,3,1,0.793,16.46,0,1,Visual
1565,8,1,1,0.852,19.07,2,0,Visual
1566,7,2,1,0.728,14.79,1,1,Visual
1567,4,5,1,0.907,17.85,1,0,Auditory
1568,4,4,2,0.857,14.08,0,1,Visual
1569,8,2,0,0.762,12.61,2,0,Visual
1570,9,1,0,0.717,12.4,2,0,Visual
1571,0,8,2,0.782,21.03,1,0,Auditory
1572,4,4,2,0.886,12.2,1,1,Visual
1573,6,3,1,0.711,19.72,1,1,Visual
1574,9,1,0,0.769,14.17,2,1,Visual
1575,1,2,7,0.783,35.16,6,3,Kinesthetic
1576,5,3,2,0.9,19.64,2,0,Visual
1577,6,2,2,0.755,16.31,2,0,Visual
1578,2,1,7,0.68,34.69,3,4,Kinesthetic
1579,5,4,1,0.741,15.92,0,1,Visual
1580,9,1,0,0.849,14.66,0,1,Visual
1581,9,1,0,0.954,11.2,1,1,Visual
1582,2,2,6,0.707,19.81,7,4,Kinesthetic
1583,7,1,2,0.839,19.34,1,0,Visual
1584,0,10,0,0.773,25.32,4,2,Auditory
1585,0,4,6,0.779,43.84,6,4,Kinesthetic
1586,3,4,3,0.622,21.06,2,0,Auditory
1587,8,2,0,0.81,15.86,1,0,Visual
1588,2,0,8,0.531,44.59,4,3,Kinesthetic
1589,2,6,2,0.655,27.82,1,1,Auditory
1590,2,1,7,0.8,27.57,3,4,Kinesthetic
1591,7,2,1,0.937,9.93,0,1,Visual
1592,2,2,6,0.603,29.08,4,3,Kinesthetic
1593,0,3,7,0.759,21.95,3,2,Kinesthetic
1594,3,0,7,0.748,30.99,3,1,Kinesthetic
1595,7,2,1,0.742,15.04,2,1,Visual
1596,8,2,0,0.791,8.57,2,1,Visual
1597,7,3,0,0.95,13.03,2,1,Visual
1598,2,8,0,0.849,20.29,2,1,Auditory
1599,1,7,2,0.729,17.89,3,1,Auditory
1600,4,2,4,0.78,11.63,2,0,Visual
1601,0,2,8,0.801,23.32,5,2,Kinesthetic
1602,7,1,2,0.709,17.4,1,1,Visual
1603,7,2,1,0.768,20.08,1,1,Visual
1604,1,8,1,0.712,21.89,1,2,Auditory
1605,1,9,0,0.829,26.29,3,2,Auditory
1606,8,1,1,0.785,8.19,0,0,Visual
1607,7,3,0,0.856,19.71,1,0,Visual
1608,0,0,10,0.581,19.81,4,3,Kinesthetic
1609,1,0,9,0.568,25.49,3,3,Kinesthetic
1610,1,2,7,0.804,44.3,4,3,Kinesthetic
1611,2,2,6,0.625,43.66,3,3,Kinesthetic
1612,6,2,2,0.795,21.65,2,1,Visual
1613,0,3,7,0.795,41.32,3,2,Kinesthetic
1614,4,4,2,0.701,23.82,3,1,Auditory
1615,7,2,1,0.88,12.41,2,1,Visual
1616,2,7,1,0.891,19.29,4,2,Auditory
1617,3,6,1,0.83,31.21,2,1,Auditory
1618,6,2,2,0.826,18.55,2,1,Visual
1619,1,9,0,0.603,26.72,4,2,Auditory
1620,1,7,2,0.684,26.85,1,2,Auditory
1621,3,5,2,0.648,29.13,3,0,Auditory
1622,9,1,0,0.925,9.5,2,1,Visual
1623,10,0,0,0.94,11.94,0,0,Visual
1624,10,0,0,0.778,13.12,0,0,Visual
1625,1,2,7,0.712,31.64,5,4,Kinesthetic
1626,2,2,6,0.532,22.24,5,2,Kinesthetic
1627,1,2,7,0.715,36.89,6,3,Kinesthetic
1628,4,0,6,0.511,42.09,6,4,Kinesthetic
1629,3,4,3,0.734,17.94,1,1,Visual
1630,2,5,3,0.908,29.98,2,1,Auditory
1631,6,1,3,0.865,12.85,2,0,Visual
1632,7,3,0,0.833,11.83,0,1,Visual
1633,2,7,1,0.865,30.64,3,0,Auditory
1634,3,2,5,0.706,29.62,4,4,Kinesthetic
1635,6,1,3,0.974,14.57,0,0,Visual
1636,2,1,7,0.643,41.32,3,3,Kinesthetic
1637,3,2,5,0.651,35.56,7,2,Kinesthetic
1638,7,2,1,0.791,18.49,2,1,Visual
1639,3,6,1,0.642,14.68,3,0,Auditory
1640,6,2,2,0.827,8.53,2,1,Visual
1641,3,0,7,0.754,39.31,4,4,Kinesthetic
1642,6,2,2,0.748,11.39,2,1,Visual
1643,1,2,7,0.565,18.51,6,4,Kinesthetic
1644,7,3,0,0.755,14.58,0,1,Visual
1645,3,5,2,0.734,14.83,2,0,Visual
1646,5,4,1,0.994,20.54,2,1,Visual
1647,1,8,1,0.839,23.39,1,2,Auditory
1648,1,7,2,0.79,28.75,4,0,Auditory
1649,7,3,0,0.702,11.43,1,1,Visual
1650,0,10,0,0.822,24.11,3,1,Auditory
1651,5,2,3,0.745,12.51,0,1,Visual
1652,8,1,1,0.873,17.93,0,0,Visual
1653,8,2,0,0.961,20.86,1,0,Visual
1654,5,4,1,0.879,13.97,1,0,Visual
1655,3,4,3,0.667,23.8,1,0,Auditory
1656,6,2,2,0.802,21.64,2,1,Visual
1657,4,0,6,0.679,19.52,6,4,Kinesthetic
1658,9,0,1,0.815,16.78,0,0,Visual
1659,1,3,6,0.747,35.99,3,1,Kinesthetic
1660,1,8,1,0.696,30.77,3,0,Auditory
1661,1,9,0,0.777,16.45,2,0,Auditory
1662,4,5,1,0.614,22.29,3,1,Auditory
1663,0,0,10,0.714,25.0,4,2,Kinesthetic
1664,1,7,2,0.876,30.22,4,0,Auditory
1665,4,0,6,0.514,43.78,4,3,Kinesthetic
1666,1,7,2,0.626,30.2,3,2,Auditory
1667,1,0,9,0.76,28.49,6,2,Kinesthetic
1668,8,1,1,0.976,12.73,1,0,Visual
1669,5,4,1,0.843,13.05,2,0,Visual
1670,3,5,2,0.897,27.98,1,1,Auditory
1671,0,1,9,0.784,34.42,6,2,Kinesthetic
1672,1,5,4,0.899,29.75,2,2,Auditory
1673,1,0,9,0.71,19.51,5,3,Kinesthetic
1674,3,7,0,0.856,23.11,4,1,Auditory
1675,2,2,6,0.598,37.78,5,2,Kinesthetic
1676,1,1,8,0.521,26.52,7,4,Kinesthetic
1677,7,1,2,0.784,15.52,0,1,Visual
1678,10,0,0,0.872,10.95,1,0,Visual
1679,1,9,0,0.638,14.08,2,2,Auditory
1680,5,3,2,0.974,8.52,2,1,Visual
1681,0,10,0,0.847,19.19,2,2,Auditory
1682,10,0,0,0.99,9.34,0,1,Visual
1683,1,8,1,0.872,22.63,1,2,Auditory
1684,8,2,0,0.872,11.81,0,1,Visual
1685,2,8,0,0.629,14.09,4,1,Auditory
1686,7,2,1,0.711,17.5,0,1,Visual
1687,3,1,6,0.578,33.63,5,4,Kinesthetic
1688,8,1,1,0.812,8.69,0,1,Visual
1689,9,1,0,0.904,18.6,0,0,Visual
1690,0,9,1,0.832,14.45,1,1,Auditory
1691,7,2,1,0.777,20.78,0,0,Visual
1692,2,2,6,0.731,38.02,6,1,Kinesthetic
1693,1,8,1,0.877,14.94,1,2,Auditory
1694,1,7,2,0.919,17.61,1,0,Auditory
1695,0,9,1,0.635,16.92,1,2,Auditory
1696,3,6,1,0.642,18.84,4,2,Auditory
1697,7,3,0,0.77,19.68,1,0,Visual
1698,9,1,0,0.852,9.52,0,0,Visual
1699,7,2,1,0.991,20.56,2,0,Visual
1700,0,8,2,0.715,22.88,1,1,Auditory
